Date,Close,High,Low,Open,Volume,Gunluk_Getiri,SMA_20,SMA_50,RSI_14,Hacim_Degisim,Volatilite_20
2021-09-14,12.15243911743164,12.250127910721242,12.113363786441676,12.191514448421605,65375501,0.0008044759113932098,12.29164524078369,12.542216033935548,40.79598196332439,0.6814165785606845,0.01552620558544225
2021-09-15,11.976600646972656,12.13290197162656,11.88868091894749,12.11336384023013,50022705,-0.014469397357997016,12.282853317260741,12.520138454437255,43.61703232506816,-0.23484020413090223,0.015570974924956491
2021-09-16,12.181745529174805,12.181745529174805,11.986368886818735,12.015675150264816,71541980,0.017128807100535992,12.296041250228882,12.502554531097411,41.1110845958514,0.4301901506525887,0.015400260244568299
2021-09-17,12.4259672164917,12.504117877531383,12.220821498355184,12.240358697800422,126749273,0.020048168526586974,12.32192873954773,12.482430725097656,51.03091720003563,0.7716768951600166,0.01595267698702574
2021-09-20,12.513887405395508,12.611575269489519,12.259897281818157,12.308741679679864,118328969,0.007075520751987918,12.348793077468873,12.464260711669922,53.20197826105775,-0.066432759736618,0.015970805981988086
2021-09-21,12.748339653015137,12.797184051857071,12.513887656529153,12.601806456489333,134319994,0.018735364960894785,12.376145887374879,12.44335542678833,53.65857259189767,0.13514040674181826,0.015969463970317795
2021-09-22,12.885102272033691,12.885102272033691,12.679956551431927,12.797183476029545,93716506,0.010727876942485448,12.394706630706787,12.429874420166016,56.62101657561017,-0.3022892332767674,0.015151922863319673
2021-09-23,13.021865844726562,13.06094117406081,12.78741386872108,12.894870791482925,92839027,0.010614085150857377,12.435247325897217,12.419714813232423,59.740252056341404,-0.009363121156053311,0.013990609763944789
2021-09-24,13.305163383483887,13.314932449582495,12.963254454697383,12.98279165526518,71721378,0.021755525831349987,12.475788068771362,12.418933334350585,63.24112807163834,-0.22746521244777806,0.013885876985795267
2021-09-27,13.217242240905762,13.45169514409725,13.129322518662619,13.373543555280541,89362029,-0.006608046819422286,12.51730556488037,12.418151817321778,68.9655172413793,0.2459608486607716,0.013803362146480274
2021-09-28,13.461463928222656,13.568921785771595,13.207474745900996,13.2172428797996,109992789,0.01847750709758933,12.571034145355224,12.42870216369629,79.05978092177065,0.23086718409225027,0.01418123465920971
2021-09-29,13.461463928222656,13.549383654715655,13.334468871247143,13.510308324233142,86075020,0.0,12.614017057418824,12.441987781524658,76.99526363503864,-0.21744851837514545,0.013865751082917084
2021-09-30,13.627534866333008,13.764298994362765,13.461464472164518,13.510308870148675,76409871,0.0123367665653491,12.66530351638794,12.458985576629638,87.01920797887944,-0.11228750222770789,0.013980639833938458
2021-10-01,13.72522258758545,13.793604180431194,13.520076877418887,13.598227535422405,97542462,0.007168407361318074,12.722451210021973,12.477937126159668,87.49996610276737,0.2765688611095809,0.013933883267287428
2021-10-04,13.549383163452148,13.852217662433711,13.549383163452148,13.78383513784665,74809181,-0.01281140783045287,12.767387866973877,12.500210075378417,80.68666129245807,-0.23306035683208404,0.014453588644006712
2021-10-05,13.7154541015625,13.764298497784484,13.48100211765222,13.510308382733664,84235163,0.01225671575650078,12.835281372070312,12.534010257720947,88.36200475832602,0.12600033677684563,0.013117825446485105
2021-10-06,13.393082618713379,13.734992466456807,13.29539382460686,13.695917135140078,67415705,-0.023504251515259367,12.898290395736694,12.556673965454102,75.40981048553104,-0.19967264739548263,0.013662150575997147
2021-10-07,13.793603897094727,13.793603897094727,13.48100127150188,13.490770336458985,67668536,0.029905085317828428,12.971068239212036,12.587152729034424,76.92303359880809,0.003750327909498141,0.014537353329749435
2021-10-08,13.764298439025879,13.949906025921832,13.754529373497311,13.852218165524254,64985391,-0.002124568625246681,13.053126573562622,12.612747116088867,75.19683359744363,-0.03965129377115528,0.013631728322908815
2021-10-11,13.871755599975586,13.97921345935171,13.764298672228842,13.822911203134563,37854961,0.007806947911346729,13.139580821990966,12.641467514038085,73.85890200040265,-0.4174850621426591,0.013586157711317139
2021-10-12,13.67637825012207,13.940137420699362,13.598227591794576,13.78383517241504,84977064,-0.014084543837685537,13.215777778625489,12.663545093536378,66.39674481199472,1.244806539359531,0.014318219060058215
2021-10-13,13.93036937713623,14.115976971368914,13.852218713077269,13.959675643250991,102408453,0.01857151962083914,13.313466215133667,12.695391540527345,67.95366970004565,0.20513051615904265,0.013723285003901723
2021-10-14,13.969444274902344,14.106207466939313,13.852218282458066,13.930368944087585,61588784,0.0028050151943743717,13.402851152420045,12.728019485473633,64.52989652270739,-0.3985966763895945,0.013576859348669553
2021-10-15,14.30158519744873,14.311353331529293,13.901061888005357,13.99875068184606,92148022,0.023776244495503196,13.496632051467895,12.76475034713745,71.42859835192462,0.4961818697378406,0.01378996601780899
2021-10-18,14.23320198059082,14.340659834943297,13.97921280582437,14.321121704468542,71777645,-0.004781513091996925,13.582597780227662,12.798745899200439,66.39002468551689,-0.22106146781967817,0.014045571551130853
2021-10-19,13.988981246948242,14.27227762365445,13.979213113125471,14.252740424379551,79942830,-0.017158523709254636,13.644629859924317,12.828638553619385,60.150370420935886,0.1137566578006286,0.014685398274913176
2021-10-20,13.481001853942871,14.223434053431664,13.461463723184526,14.008519273236624,179373133,-0.03631282250208101,13.674424839019775,12.851497650146484,47.50829885948454,1.2437676149318206,0.01722596360021726
2021-10-21,13.647071838378906,13.676378102027039,13.334468276824634,13.607996509638287,104907649,0.012318816230076024,13.705685138702393,12.885883979797363,48.701298495479655,-0.4151429077174005,0.01727287804988541
2021-10-22,13.813142776489258,13.842449041321373,13.647072389725,13.686147720044275,81705323,0.012168979549394665,13.731084108352661,12.919293422698974,54.397408223826886,-0.2211690588929316,0.016837636789702536
2021-10-25,13.949906349182129,13.959675414937074,13.666609963694425,13.686148095204315,75085394,0.0099009743767835,13.767717313766479,12.955633506774902,53.947369688678656,-0.08102200391521619,0.016797514151349818
2021-10-26,14.360198020935059,14.409042418850262,13.988981901060676,13.988981901060676,95052719,0.029411786823714703,13.8126540184021,12.996467266082764,65.81469638597507,0.26592821767706254,0.017496790706054748
2021-10-27,14.506731033325195,14.565343564787176,14.272278112589106,14.36996690719826,100470372,0.010204108061498296,13.864917373657226,13.043553104400635,62.71779172406756,0.05699629697073694,0.017541684540644534
2021-10-28,14.623956680297852,14.633724814223086,14.399272830688817,14.45788629238707,25935879,0.008080776206808027,13.91473846435547,13.09767250061035,64.86485505967762,-0.7418554496842114,0.01745947966173229
2021-11-01,14.926790237426758,15.04401622902089,14.633724792626742,14.633724792626742,77646692,0.020708045281404575,13.974816846847535,13.158043956756591,67.08859195256707,1.9937945037451787,0.017859771722564876
2021-11-02,15.131936073303223,15.131936073303223,14.819333426621126,14.965865684346015,86716520,0.013743466117859038,14.053944492340088,13.221150665283202,73.50157106953141,0.1168089427428538,0.017499711085439303
2021-11-03,15.219855308532715,15.239393439133366,14.575111904780725,15.083091189216187,145824969,0.005810177547908468,14.129164552688598,13.281522102355957,71.99997917352746,0.6816284717145014,0.01743152499740221
2021-11-04,16.57772445678711,16.59726258826805,15.63014743906684,15.757141567175399,205042533,0.08921695513709205,14.288396644592286,13.36279884338379,80.68964340954444,0.40608658727024993,0.024426396683264778
2021-11-05,17.24200439453125,17.486225425227893,16.42142158232984,16.46049784160543,220289421,0.04007063451173343,14.460816669464112,13.463417892456055,82.08953484087998,0.07435963542256863,0.02494087164051596
2021-11-08,17.63275909423828,17.779293215090778,17.154086059027364,17.39830710943653,173114727,0.02266295094037729,14.654239702224732,13.566186103820801,84.66136488627762,-0.2141487039452521,0.024843539517440925
2021-11-09,17.740217208862305,17.945363863063246,17.466688957680642,17.662066546133083,163597493,0.00609423142740817,14.847662782669067,13.673252601623535,89.34427016587694,-0.054976455007204605,0.024864403617875876
2021-11-10,17.710908889770508,17.876979270458204,17.60345289986105,17.769523280548746,101855749,-0.0016520834410728158,15.049389314651489,13.779732933044434,99.31658721463035,-0.37740030649491674,0.024309799337892662
2021-11-11,17.310388565063477,17.876981366198205,17.30061949878853,17.681605630475914,108707676,-0.02261432923628015,15.218390274047852,13.87390459060669,90.49676954938155,0.06727089111091811,0.025550891615688104
2021-11-12,17.4080753326416,17.62299103908718,17.222466821600054,17.4080753326416,82572266,0.0056432452230033014,15.390321826934814,13.970029983520508,90.35088170009865,-0.2404191770229731,0.025509526947537785
2021-11-15,17.202930450439453,17.876979171323423,17.066165402640635,17.417844292325242,202411264,-0.011784466592782095,15.535389089584351,14.062443218231202,85.96114137178586,1.4513226268975106,0.02583610888046882
2021-11-16,17.251773834228516,17.388537018147726,17.115010650309305,17.222466639134982,102890120,0.002839247878713369,15.686317682266235,14.15446569442749,84.74179893864641,-0.4916778939733314,0.02566870576465209
2021-11-17,17.574146270751953,17.622991597974394,17.2517745641187,17.271312695007676,75615923,0.01868633565574762,15.865575933456421,14.258796939849853,85.3603761081113,-0.26508081631161473,0.0249153441572944
2021-11-18,17.58391571044922,17.84767489328806,17.212700531951366,17.603453841754042,104139179,0.0005558983945368468,16.07072162628174,14.367817211151124,84.9884722339336,0.3772122969390983,0.02240922574164831
2021-11-19,16.694950103759766,17.779292095538864,16.665642908782974,17.730446770577544,162553427,-0.0505556112374439,16.223115539550783,14.45495527267456,68.35699612394657,0.5609247985333166,0.02661454816680784
2021-11-22,17.22246742248535,17.2517746189119,16.743794393737407,16.792639721114988,148782796,0.031597418108292974,16.393581771850585,14.556941986083984,70.3422022181461,-0.084714492054357,0.027031524276070543
2021-11-23,18.287269592285156,18.35565304408975,16.97824475559103,17.193160449031243,152209934,0.06182634251405905,16.610449934005736,14.679833965301514,75.07986542841009,0.023034504607643003,0.029277170381153
2021-11-24,18.531492233276367,19.01016525812941,18.336116515131966,18.658488220166,174965138,0.013354789776503395,16.819014644622804,14.807415027618408,69.53124791452399,0.14949880997911746,0.02905238325619383
2021-11-25,18.34588623046875,18.648719815439236,18.2677355677906,18.551031021276856,71106786,-0.010015707341383462,17.01097240447998,14.93480073928833,62.203058186510575,-0.5935945479607486,0.029511208513829674
2021-11-26,16.597261428833008,17.58391464059051,16.519110771627396,17.554607445416416,200728655,-0.09531427262050907,17.109637641906737,15.023111057281493,41.19600876346588,1.8229184061279327,0.038084335363118914
2021-11-29,16.919633865356445,17.056397055654468,16.05020753287549,16.597262157326305,180958754,0.019423230627879873,17.209279823303223,15.11298439025879,43.269224751965936,-0.09849067638100795,0.03806114970196992
2021-11-30,16.821945190429688,16.821945190429688,16.821945190429688,16.821945190429688,30,-0.005773687285679285,17.293780279159545,15.199145545959473,42.78922811339746,-0.9999998342163652,0.038128739528071894
2021-12-01,17.98443603515625,18.375189300401704,17.007551940413343,17.04662819856716,190881208,0.06910561362356149,17.432009315490724,15.303867473602295,54.86599059558971,6362705.933333334,0.040654986301579106
2021-12-02,17.828136444091797,18.228658812405214,17.622991658825338,17.984437765225877,121398696,-0.00869082526462972,17.494529914855956,15.402728157043457,53.007000263516844,-0.36400917999219706,0.03615434894994111
2021-12-03,18.10166358947754,18.90270827750498,18.072356394820947,18.42403527766562,185039874,0.015342441776991622,17.537512874603273,15.504324111938477,56.37119012444234,0.5242327973605252,0.035277909562017054
2021-12-06,18.257966995239258,18.36542299478762,17.9551315388297,18.26773606124526,96347342,0.008634753650630156,17.56877326965332,15.603380184173584,57.025936571788854,-0.47931578249993834,0.035005557137750845
2021-12-07,18.756175994873047,19.01993329324358,18.687792540805095,18.892939176491737,102908092,0.027287211098787623,17.619571208953857,15.71415885925293,58.055925744322074,0.06809476902850098,0.035443364786981735
2021-12-08,19.908897399902344,20.14335122665216,18.85386263256247,18.85386263256247,251748495,0.06145823142971096,17.729470634460448,15.843107528686524,63.709667623563135,1.446343043654915,0.037707432155435226
2021-12-09,21.491451263427734,21.882204550111055,19.947974383584633,20.143351958555616,233237867,0.07948977945574986,17.938523769378662,16.003707275390624,76.14484301333552,-0.07352825684221076,0.0403690145618467
2021-12-10,21.72590446472168,22.58556360732442,21.39376368643318,22.03850711175586,237428412,0.010909137704111949,18.154415225982667,16.1656746673584,75.35754697771206,0.017966829545735807,0.04034490301178805
2021-12-13,22.116657257080078,22.448798027612938,21.374225056080668,21.745442088209728,140080140,0.017985570773032755,18.400101566314696,16.333503360748292,73.3333472796345,-0.41001104787745457,0.03997180670800497
2021-12-14,22.05804443359375,22.585562778550788,21.84313058745867,22.272958279728833,113878269,-0.002650166469779891,18.640415096282958,16.503676586151123,71.98539419339757,-0.18704914915133575,0.04006692628934349
2021-12-15,22.937240600585938,23.79689974120146,22.116657722388734,22.21434651517578,211139797,0.03985830065938201,18.908569812774658,16.68811231613159,76.34528637570307,0.8540833018808882,0.04049873946046143
2021-12-16,24.539331436157227,24.539331436157227,22.780938793146984,23.269380883440043,151817462,0.06984671188086877,19.25634059906006,16.91103729248047,96.35121795268536,-0.2809623568975962,0.042198985358803065
2021-12-17,22.09712028503418,26.04373128074665,22.09712028503418,25.027772733999747,193190400,-0.09952231818038026,19.526449108123778,17.077107620239257,74.22304057522197,0.2725176501764994,0.04745766909126177
2021-12-20,21.62821388244629,22.937238756052743,19.889361336356068,20.749018544582192,108173898,-0.021220249360070165,19.746736431121825,17.234385929107667,71.73144266852532,-0.44006587283840193,0.04796449150629993
2021-12-21,19.469301223754883,22.9372391782005,19.469301223754883,22.018969427418792,81910566,-0.09981927635936705,19.80583801269531,17.346336841583252,56.15883835870637,-0.24278807074142783,0.05262023866280137
2021-12-22,18.443572998046875,20.084738763013593,18.07235781942762,19.34230654251633,123793952,-0.05268438830544653,19.801442050933836,17.44168073654175,52.380950272668564,0.5113306871789898,0.05408591464429236
2021-12-23,18.765945434570312,19.1664696888446,17.632759860488694,19.04924275972013,98045462,0.017478849491775694,19.822445011138917,17.53839225769043,52.56024280165802,-0.20799473305448724,0.05413570203909683
2021-12-24,20.631793975830078,20.631793975830078,18.678025684542554,18.85386326562117,96687219,0.09942736686330389,20.02417163848877,17.671639251708985,58.08382681239482,-0.013853195979636412,0.053109413682464496
2021-12-27,20.299654006958008,21.217923798039923,20.06520202647377,20.553644118297274,107676230,-0.016098453157353587,20.193172645568847,17.79160062789917,55.31628822991246,0.11365525985394198,0.05345131819238555
2021-12-28,20.006587982177734,20.651331405547577,19.420457089134583,20.37780502185052,63468592,-0.014436996053224349,20.35240478515625,17.90706834793091,50.35766160343681,-0.4105607895075821,0.05362511637069472
2021-12-29,20.59271812438965,21.159310865579112,19.30323132466595,19.615833959355495,79161134,0.029296856752088374,20.48281888961792,18.039143085479736,46.45061916713106,0.2472489384985883,0.05203432061583495
2021-12-30,19.674448013305664,21.003011177025446,19.55722294783558,20.924860512292447,78655206,-0.04459198176448609,20.575134468078613,18.163012008666993,42.313325016466024,-0.006391116125244012,0.053248930107738374
2021-12-31,19.557222366333008,20.49503031524477,19.28369411627103,19.830748753136223,64484158,-0.005958268658585841,20.647912406921385,18.281215019226075,40.20927452170399,-0.1801666885215455,0.053271557347101865
2022-01-03,21.33515167236328,21.374226072559008,19.371614151984765,19.713524004176627,95392160,0.09090909090909083,20.801771640777588,18.431655197143556,47.55614803473818,0.4793115543200548,0.05661942784071776
2022-01-04,22.272958755493164,22.878627772278488,21.25700016821101,21.39376335837662,139700845,0.04395596045115924,20.977610778808593,18.598116245269775,47.76315571442022,0.4644897966457622,0.05701866153139151
2022-01-05,23.347530364990234,23.562446066357808,21.58913967398592,21.58913967398592,124793460,0.04824557084190939,21.14954242706299,18.77786289215088,45.8390086504552,-0.10670934023341094,0.056467165140995326
2022-01-06,24.285341262817383,24.77378335184744,23.074005105613878,23.074005105613878,145559800,0.040167455964995824,21.28923692703247,18.973435096740722,58.53658790663564,0.16640567542561935,0.054554917413615484
2022-01-07,24.36349105834961,24.988696313889037,23.464757571882366,24.65655555606906,117635270,0.003217982184663848,21.421116256713866,19.168225784301757,61.006299058617905,-0.1918423218498514,0.05455713669042863
2022-01-10,26.082807540893555,26.747087197516638,24.441641871364254,24.7933188982215,166191051,0.07056938098182441,21.61942377090454,19.391346130371094,77.58761983021839,0.41276549966689413,0.0563435673886223
2022-01-11,26.27818489074707,27.040155245737736,25.61390332946168,26.668938202309427,177252137,0.007490656423668973,21.830430793762208,19.614271106719972,85.11384492811976,0.06655644773556424,0.05627121702109126
2022-01-12,26.25864601135254,26.786164364378944,26.160959083688724,26.747088102706453,104750771,-0.0007435399163132628,21.99650106430054,19.835046920776367,84.51845130736339,-0.4090295735052266,0.05588000563447276
2022-01-13,28.114728927612305,28.271030256004494,26.160960459451143,26.18049672805606,176333677,0.07068463908829559,22.17527093887329,20.06578701019287,84.50450856127969,0.6833640012062536,0.05592889059348213
2022-01-14,27.567670822143555,28.62270565946119,27.235530052686272,28.134263570642677,147006146,-0.0194580608220436,22.44879846572876,20.27230033874512,82.8621679575118,-0.1663183771753367,0.050395368188588134
2022-01-17,27.626285552978516,28.056113254861174,27.469984231701417,27.782586874255614,97173460,0.00212621266457802,22.74870204925537,20.47217086791992,85.19853979818257,-0.33898369119887006,0.04984492033030986
2022-01-18,26.25864601135254,27.89981173642308,26.25864601135254,27.62628535775046,113983246,-0.049505009966080094,23.088169288635253,20.642539443969728,74.4107552089154,0.17298741858116395,0.044844006724844086
2022-01-19,26.766626358032227,26.98154207171308,25.53575205850462,25.887430962157854,162000622,0.01934526047002083,23.50432195663452,20.823653793334962,81.67536082547997,0.4212669640940039,0.04182814067227744
2022-01-20,27.4504451751709,27.99749978119551,26.688474862192624,27.313680126220753,168388097,0.02554744135446385,23.93854694366455,21.02645492553711,83.55478198710586,0.039428706637928856,0.04184545006937229
2022-01-21,26.864315032958984,27.6848978957537,26.27818415049723,27.548134706374153,114612119,-0.021352300061861063,24.250172996520995,21.215579719543456,76.15523840286411,-0.3193573593268888,0.038350204532565005
2022-01-24,25.418527603149414,27.509059217274405,25.262226278537756,26.512636875431017,205639936,-0.05381813859894735,24.506116676330567,21.379891662597657,64.1975255501121,0.7942250592190867,0.040758629418711806
2022-01-25,25.516216278076172,26.004658381028744,24.695633396055154,25.809280794544215,152376970,0.0038432074607914757,24.78159809112549,21.54518051147461,60.735012264366496,-0.2590108080951746,0.040335349772094166
2022-01-26,26.59078598022461,27.25506750254432,25.5943655600037,25.5943655600037,152714264,0.04211320716354483,25.081501483917236,21.725513305664062,61.25952509636181,0.0022135497247386393,0.04070799875227668
2022-01-27,27.977962493896484,28.11472754696756,26.10234478203836,26.23910983510944,208306053,0.05216756340724604,25.496677207946778,21.93339424133301,65.65142641742312,0.36402486279867086,0.039142842154494116
2022-01-28,27.509057998657227,28.759470403417527,27.352756680969524,28.095188871615452,152191805,-0.016759779964018118,25.89426898956299,22.149676399230955,56.925988401452166,-0.26938366500564437,0.03956992704440982
2022-01-31,28.05611228942871,28.388253051528004,27.587208341732765,28.05611228942871,109830273,0.01988633310519705,26.23031702041626,22.366349296569823,58.34860985175119,-0.2783430553307388,0.03567139052447559
2022-02-01,27.665359497070312,28.52501861322713,27.52859630901483,28.36871729451838,77844485,-0.01392754592394585,26.499937057495117,22.553911094665526,56.38297706613769,-0.2912292496987602,0.035493725643523204
2022-02-02,27.157379150390625,28.056112660318043,27.02061596298602,27.763048154948557,83815286,-0.01836160295453526,26.690429496765137,22.726428833007812,45.05048939240556,0.07670165715657307,0.03498486670575779
2022-02-03,26.39541244506836,27.723973736051086,26.258647385317207,27.13784468636458,107724892,-0.028057446232299887,26.795933055877686,22.887419357299805,44.071157569390785,0.2852654586181331,0.03502600461954445
2022-02-04,26.043731689453125,26.688475089282868,25.98511916126642,26.551711902427673,92538056,-0.013323555990917724,26.879945087432862,23.076348762512207,42.226478209022794,-0.14097796449867872,0.03525862209579307
2022-02-07,27.606748580932617,27.606748580932617,25.57482945577187,26.08280970287676,149073076,0.06001508962375257,26.956142139434814,23.29009105682373,56.49718802109857,0.6109380555822352,0.03427386474162579
2022-02-08,28.114728927612305,28.38825532066923,27.274607890060185,27.587210546844563,154126825,0.018400585827428317,27.047969341278076,23.515946731567382,56.49718802109857,0.033901151942420604,0.03442894007503773
2022-02-09,29.150224685668945,29.32606413984227,28.13426422300473,28.310103677178056,157891224,0.03683107743001024,27.192548274993896,23.73926250457764,57.9235046527053,0.024424035206071393,0.03517691860379679
2022-02-10,29.111148834228516,29.326064553811346,28.7008573897853,29.208837628288098,119101627,-0.0013404991509256003,27.24236927032471,23.96492275238037,61.036472070508225,-0.24567291339764397,0.0317020225419086
2022-02-11,28.93531036376953,29.775429495395898,27.64582167513474,28.896234102026636,269663095,-0.006040244974881759,27.310751247406007,24.18159568786621,69.73684520390488,1.26414283156686,0.03135927243584799
2022-02-14,27.938888549804688,28.759471428544003,27.469984580027575,28.290565595508145,221304283,-0.034436188913752996,27.326381397247314,24.37521411895752,62.35059815190935,-0.17933047901864363,0.03245276635681202
2022-02-15,29.26744842529297,29.326062816211014,27.88027471222178,28.075650425505952,226724219,0.04755235245381906,27.476821517944337,24.585439567565917,63.30097267738017,0.024490877115107557,0.031742304837189525
2022-02-16,28.915771484375,29.521438619641646,28.83762082617096,29.38467543359924,133323031,-0.01201597542114563,27.584278774261474,24.76557704925537,55.1948087623372,-0.4119594651685623,0.03181842268264718
2022-02-17,28.075651168823242,29.73635502362931,27.95842611040088,29.013460952495702,232337911,-0.029054051558186078,27.615539073944092,24.89726104736328,53.014556348004696,0.7426689841757348,0.03224319115455314
2022-02-18,28.720396041870117,28.915773633530932,27.97796380212135,28.564094713844987,133787733,0.02296455633993766,27.70834312438965,25.03715087890625,53.49795652231554,-0.42416744463196965,0.03210415103102765
2022-02-21,28.759471893310547,29.345602796633457,28.2514916528801,29.208837739127553,177077000,0.0013605610237219512,27.875390338897706,25.17000717163086,55.98291828486965,0.3235667876964474,0.02912151914799355
2022-02-22,28.212413787841797,28.505480154491693,27.62628478105935,27.919349284450576,140227591,-0.01902184113457228,28.010200214385986,25.293094558715822,55.74467855298683,-0.2080982228070275,0.029678555103123287
2022-02-23,27.430908203125,28.505481193491168,27.430908203125,28.4077924010472,108544470,-0.027700769972882955,28.052206325531007,25.382967910766602,55.62631745854086,-0.22594070663311905,0.029241524447459918
2022-02-24,24.695632934570312,25.301300087488556,24.695632934570312,24.715169202246692,58637916,-0.0997150822823678,27.888089847564697,25.386093940734863,44.18213067470926,-0.4597797934800364,0.03472367766267944
2022-02-25,26.66893768310547,26.903391528737185,23.367069935612484,24.578406109502286,255281231,0.07990500805398737,27.84608383178711,25.47753028869629,46.0911952420482,3.3535181400375826,0.0394938341668154
2022-02-28,25.027774810791016,26.51263742540343,24.851935351140632,25.82881958185715,179216796,-0.061538366912684106,27.694666957855226,25.545521507263185,38.24404089580032,-0.2979632881823576,0.04139957814514067
2022-03-01,24.67609405517578,26.063269634094503,24.129039448397016,25.809279529418266,183981149,-0.01405161898226781,27.545203685760498,25.649657363891603,32.025108861618506,0.0265842996099539,0.041401015288184885
2022-03-02,25.379451751708984,25.594367473977368,24.42210565713154,24.67609577955676,193446618,0.028503607376454854,27.456307315826415,25.788374938964843,35.76751028835922,0.051448037211681896,0.041920892156135224
2022-03-03,25.340375900268555,25.88743051394515,25.164536451486406,25.652978536655183,135266563,-0.001539664915645722,27.403555488586427,25.91986354827881,36.14457423908702,-0.3007550899649225,0.0414884036548886
2022-03-04,24.715167999267578,25.281760725996172,24.57840481589611,25.066846885946923,80697806,-0.024672400419851304,27.33712730407715,26.001531028747557,37.2092921179069,-0.4034164525936835,0.04173961907194586
2022-03-07,25.301300048828125,25.477139500457874,23.933662560859336,24.3244158626706,153503367,0.023715479076570123,27.221854877471923,26.10156394958496,33.27843119595093,0.9022000052888675,0.03964795457319449
2022-03-08,24.715167999267578,25.672515872643725,24.695631732542104,24.93008370257546,188530736,-0.023166084289320765,27.051876831054688,26.19573554992676,32.633284400405515,0.22818632375666392,0.03952354727165686
2022-03-09,25.535751342773438,25.86789210619012,25.20361057935676,25.301299367995547,215513458,0.03320160896863733,26.871153163909913,26.294596214294433,39.48220407243829,0.14312107708527688,0.03932595561027777
2022-03-10,25.14499855041504,26.180495258712178,25.086386021372217,25.92650701177371,139759899,-0.015302185046886407,26.67284564971924,26.404007225036622,34.876035218235714,-0.35150268434744336,0.03936550825320769
2022-03-11,25.809280395507812,26.317260621906723,25.027773788170048,25.125460716643225,255068266,0.02641805064179681,26.516544151306153,26.52904838562012,38.147567705415085,0.8250461529025575,0.04005085158558348
2022-03-14,26.004657745361328,26.29772225466559,25.86789269286179,25.98511961453872,111046875,0.00757004251414628,26.419832611083983,26.622438507080076,40.87238690039665,-0.5646386093360591,0.039519964220008384
2022-03-15,27.02061653137207,27.313681042906246,25.731129699407738,26.063270472884458,188091261,0.039068339062911406,26.30749101638794,26.717391662597656,48.335974030454686,0.6938005774588434,0.03899272910691256
2022-03-16,27.0596923828125,27.606746998898082,26.942465462021957,27.19645557101922,145127915,0.0014461495130972946,26.214687061309814,26.7916349029541,62.27179639705932,-0.2284175552419737,0.038949677987453114
2022-03-17,27.215993881225586,27.46998399189831,27.098766959661752,27.352757070334473,92332176,0.005776174252164257,26.17170419692993,26.850247955322267,53.5000035388701,-0.363787621423487,0.0384795188688285
2022-03-18,27.079227447509766,27.6653582989122,27.001076791540015,27.235528759449267,103196877,-0.005025222827161446,26.089645767211913,26.904562683105468,66.25380521644095,0.11766971678432014,0.0380750935512712
2022-03-21,27.274606704711914,27.450446157325885,27.118305383112546,27.25506857369731,76644734,0.007215097165562456,26.01540250778198,26.928398666381835,71.1110746097601,-0.25729599355996013,0.038126689550134214
2022-03-22,27.86073875427246,27.977963818731503,27.235531578541963,27.274607842200847,134642182,0.02149002755223184,25.997818756103516,26.960049743652345,70.55012796943267,0.756704929003994,0.038247684156852986
2022-03-23,27.4504451751709,28.075650439199027,27.4504451751709,27.97796165087997,84446651,-0.014726586495795724,25.998795604705812,26.983885726928712,66.46337289282744,-0.37280687414884583,0.03785976285524197
2022-03-24,27.46998405456543,27.841199224390135,27.274606472599558,27.567670982289656,78151910,0.0007117873415110054,26.137513160705566,26.970990829467773,73.73734053536663,-0.07454103774938337,0.029594324362348615
2022-03-25,27.509057998657227,27.74350997518878,27.33321855044389,27.645821185819294,59122205,0.0014224232534747472,26.179519176483154,26.969818572998047,71.0036716019355,-0.2434963521684883,0.023899391754083274
2022-03-28,28.388254165649414,28.564093618751027,27.80212327639694,27.80212327639694,141675547,0.031960242587554255,26.347543144226073,26.985057945251466,83.09854894413196,1.396317035198535,0.019612561682743068
2022-03-29,30.908615112304688,31.06491643332514,28.583631564681415,28.700856623817394,233339298,0.08878182264920609,26.65916919708252,27.078057327270507,87.06195517401802,0.6469976854933195,0.02628531249907439
2022-03-30,31.436132431030273,31.514281225703442,30.459248275253117,30.889077825507492,167451169,0.017066999501882618,26.962003231048584,27.17144744873047,92.5925361570248,-0.2823704775181075,0.026022280317524814
2022-03-31,31.5142822265625,32.11995310547225,31.26029397766167,31.592434750235025,144597828,0.002485986331292045,27.27069854736328,27.2527241897583,91.95396075628287,-0.13647764381985295,0.02593502900717979
2022-04-01,32.02226257324219,32.452094002048625,31.611973001945987,31.729198061385265,100110679,0.016119051769217352,27.63605327606201,27.355883140563964,92.30763247896257,-0.30766125339033445,0.024525169558754216
2022-04-04,32.68654251098633,32.70608064101679,31.98318846247616,32.119951646172105,99340125,0.02074431612147265,28.005315399169923,27.501243438720703,91.90745133402046,-0.007697021014111738,0.024467763156302436
2022-04-05,33.7025032043457,34.44493351932455,32.82330597797324,32.979607293048645,178292868,0.031081925933827304,28.45468215942383,27.664969177246093,92.92923739886302,0.794771931281544,0.02320266668406248
2022-04-06,33.81972885131836,34.26909840073273,33.468049954610315,34.19094587856767,133058016,0.003478247483929886,28.868881034851075,27.80954803466797,92.89334479382877,-0.253710944848338,0.02298537664697151
2022-04-07,34.79661560058594,34.816153732576595,33.5852812293063,34.07372334951981,114955493,0.028885114767249087,29.35146188735962,27.945921096801758,95.19448623188762,-0.13604984911243534,0.022087334272167403
2022-04-08,34.50354766845703,35.01152787052644,34.15186878036919,34.972451610401734,96532123,-0.008422311396398263,29.78617525100708,28.085810890197752,91.85515424923938,-0.1602652428275002,0.022639138465371078
2022-04-11,35.32413101196289,36.105637593230746,34.32770872340238,34.542624430695035,166140161,0.023782578863797088,30.25214891433716,28.231171264648438,92.07043551277874,0.7210867826868368,0.022654756590906783
2022-04-12,36.37916946411133,36.63315771795478,35.28505647050914,35.421819663080036,158505462,0.029867357580322107,30.72007656097412,28.40544746398926,96.91989238506677,-0.045953362233710604,0.022244240532752285
2022-04-13,36.12517547607422,36.67223194247236,35.44135582470587,36.63315568204735,114089899,-0.006981852301154889,31.173350715637206,28.58480339050293,94.38871443303063,-0.2802147158815259,0.02259570534000786
2022-04-14,36.496395111083984,37.25836361136003,35.96887673711553,36.828535895451054,134077474,0.010275926140639102,31.637370777130126,28.786823043823244,94.57358489280949,0.17519145143602932,0.022523562613247557
2022-04-15,36.867610931396484,37.082522918938025,36.37916883691147,36.49639389616299,64159672,0.010171301006102862,32.12678995132446,29.00330062866211,94.28565280825205,-0.5214731446984152,0.02206371523359528
2022-04-18,36.769920349121094,37.180213647086916,36.633157158638305,37.10206112308678,63830395,-0.002649767093863886,32.60155563354492,29.18656406402588,90.9835042373017,-0.005132149054627333,0.022373137177722633
2022-04-19,37.86402893066406,37.86402893066406,36.61361838088893,36.94575914898763,126211486,0.029755533086682995,33.1017201423645,29.381550064086912,91.64547157402572,0.9772944535279784,0.02256941871437922
2022-04-20,37.96172332763672,38.665081194507465,37.66865879194649,37.92264706247329,105396234,0.00258013739508689,33.62728404998779,29.55778003692627,91.66657627426173,-0.16492359498881104,0.02165507199011041
2022-04-21,39.2512092590332,39.3098236552748,37.72726849541063,37.981260485939885,124589267,0.033968055671954156,34.21634531021118,29.76058124542236,92.431106897662,0.18210359394814812,0.02165124637949706
2022-04-22,38.821380615234375,40.48208081113314,38.37201104103873,39.094907004861454,189178045,-0.010950710867587032,34.78196144104004,29.95830265045166,87.02823400799687,0.518413660785082,0.022322795399591814
2022-04-25,38.68461227416992,39.13398183187361,37.96172006339507,38.782302928678305,125186469,-0.0035230158973476033,35.29677934646607,30.173217124938965,83.64104133374134,-0.33826111269941495,0.022530504102947026
2022-04-26,38.1961669921875,40.28670210591917,37.74680119851874,39.09490230604216,179027932,-0.012626345548474305,35.6611569404602,30.351791496276856,78.14057717694766,0.430090116208965,0.015589500970646021
2022-04-27,39.56380844116211,39.58334657152501,37.55142573199133,38.4501610960981,148546928,0.035805724937121086,36.0675407409668,30.5647522354126,79.18648140268013,-0.17025837063235472,0.016523894626562768
2022-04-28,39.56380844116211,40.814218972249094,39.44658338550204,40.54069260020315,163153022,0.0,36.47001705169678,30.794515380859377,82.1338855171418,0.0983264628670073,0.016605940205755346
2022-04-29,40.30624008178711,40.65791898679684,39.368432152772804,39.83733611727996,133329765,0.018765424004342668,36.884215927124025,31.026232261657714,81.95477500048935,-0.18279316334085438,0.016654583836462036
2022-05-05,41.693416595458984,41.83017978275949,40.85329561459319,41.0095969324391,78066428,0.034415924453809144,37.33455963134766,31.284911155700684,82.69219216118441,-0.4144861201847915,0.017312887766602118
2022-05-06,41.400352478027344,41.79110391304284,40.892372258641544,41.478501274423486,82857898,-0.007029026195554344,37.71945209503174,31.548669929504396,82.29658970418568,0.061376831536342324,0.017243783970321534
2022-05-09,41.322200775146484,42.20139804278433,41.26359010831561,41.41989143072706,83540199,-0.001887706219949159,38.09457569122314,31.826495780944825,80.64508314745228,0.008234592193009815,0.017399474523833863
2022-05-10,41.712955474853516,41.88879492640159,41.57619228509778,41.752031736645854,12224861,0.00945628965488332,38.440392684936526,32.166842231750486,80.69299418219708,-0.8536649284256553,0.01683516263320019
2022-05-11,41.22451400756836,41.83018116847058,40.618846846666145,41.322200937014124,85463124,-0.011709586667375094,38.77644100189209,32.457953758239746,76.88675487509434,5.990928076810035,0.017031565493416178
2022-05-12,40.892372131347656,41.126822246323655,39.544270927424826,40.775147073859664,133993046,-0.008056902166505231,39.05485305786133,32.77524570465088,70.12983719890012,0.5678463380299554,0.017072396932538505
2022-05-13,41.49803924560547,41.830180013676234,40.89237210142374,41.771565621716434,91223487,0.01481124920590049,39.31079654693603,33.11168460845947,72.01940507815618,-0.319192378088039,0.016350048322428937
2022-05-16,41.73249435424805,42.29908525432932,41.32220105110454,41.4980405058064,114672329,0.005649787626228697,39.591162490844724,33.438745460510255,67.7870716444456,0.2570482972219643,0.016033424592248737
2022-05-17,41.1072883605957,42.08417254718951,40.99005957511189,41.986481892619665,94996017,-0.014981275462359278,39.82170715332031,33.754083709716795,65.94001158718345,-0.17158727106693716,0.016769542152398634
2022-05-18,41.419891357421875,41.615265215202314,40.521155960258504,41.107288713152215,116550426,0.007604563796181241,40.04932117462158,34.088178176879886,68.61701658101204,0.22689802878788057,0.016746536466915683
2022-05-20,41.86925506591797,42.04509451020224,41.28312234279797,41.30266047288703,65503006,0.010848983272757184,40.304287910461426,34.41953727722168,75.1336979355911,-0.43798570071292575,0.01665260954949207
2022-05-23,41.966941833496094,42.20139566717408,41.61526294623774,42.06463248357745,83693550,0.002333138419213121,40.509433555603025,34.76457275390625,69.90290035201545,0.2777054842338076,0.015754308975004856
2022-05-24,41.1854362487793,42.201396674778984,41.126821857331,42.10370602236516,73428441,-0.018621933135309687,40.67061920166016,35.07756645202637,61.891121966938705,-0.12265113619866763,0.01663388724405598
2022-05-25,41.67387771606445,41.69341584625877,40.716531695646374,41.32219882560122,81016326,0.011859567647523273,40.791752624511716,35.408144035339355,60.41666908790007,0.103337138807019,0.01522762937519739
2022-05-26,43.43227005004883,43.52996070463768,41.595730461987614,41.69341739005903,139728152,0.042194113683511336,41.022297096252444,35.76060382843018,62.53521343660041,0.7246912924686315,0.017159575329847295
2022-05-27,43.97932815551758,44.31146894031426,43.21735965425594,43.43227164922963,109464172,0.01259565997444656,41.28703289031982,36.1200972366333,67.9347892407659,-0.21659185759502497,0.01707869572877782
2022-05-30,48.37530517578125,48.37530517578125,44.66314602672535,44.72175669271777,122233333,0.09995552921406237,41.79598979949951,36.547191009521484,80.64516770627775,0.11665151041383659,0.02641796364791677
2022-05-31,48.74652099609375,49.82109207975607,47.6524080555635,49.52802757753156,187987677,0.007673663638164463,42.25512542724609,36.98092758178711,80.6122493027679,0.5379411849957492,0.025837529710093978
2022-06-01,48.12131118774414,49.918778157804375,48.12131118774414,48.60975325866793,81121880,-0.012825731879403501,42.683000564575195,37.39903392791748,79.66383846710184,-0.5684723525787279,0.02627499708585409
2022-06-02,48.453453063964844,49.18611618726986,48.004087242701935,48.3362280076609,83598087,0.006902178432438344,43.09036121368408,37.82651844024658,82.52099163747242,0.030524526798441975,0.02620413920871439
2022-06-03,46.87089920043945,48.72698050201924,46.81228481223098,48.72698050201924,83285401,-0.032661322639610746,43.3492353439331,38.21844429016113,71.31780974599886,-0.003740348747453992,0.02713151144135538
2022-06-06,46.75367736816406,47.67194715419001,46.32384594475487,47.06628000708853,105292710,-0.0025009512144006374,43.616901588439944,38.59630306243896,70.10954372720003,0.26423969550197635,0.02703397786330557
2022-06-07,47.339805603027344,48.06270152267991,46.441073962585214,46.929516043656115,138210969,0.012536516224120442,43.917781829833984,38.9940902709961,75.03924122294686,0.3126356895933251,0.02699271725177166
2022-06-08,45.64002990722656,49.18611678394803,45.21019848470222,48.941895739883705,139605770,-0.035905844439971246,44.114135551452634,39.357491188049316,65.25424196227847,0.010091825635055063,0.028644295598413614
2022-06-09,47.22258377075195,47.28119816602815,44.4677705435699,45.65957049522937,187534972,0.0346746894500789,44.414039039611815,39.75176170349121,67.88513286692967,0.3433182023923509,0.02910406144872337
2022-06-10,45.62049102783203,47.53518308750976,45.62049102783203,46.79275276540604,127376011,-0.03392641009855546,44.650444984436035,40.09640644073486,61.091346962258044,-0.3207879594852314,0.030365536285561358
2022-06-13,45.91355514526367,46.59737479698595,45.151586699168234,45.42511306925023,122246200,0.006423957980917994,44.87122077941895,40.396505241394046,64.7921728877156,-0.040272975733240735,0.030293979105330174
2022-06-14,45.77679443359375,46.69506424456793,45.522802453493604,46.20662214216342,97528095,-0.0029786565478807647,45.07343578338623,40.68331848144531,63.12501083017336,-0.20219937306844715,0.03035298759180424
2022-06-15,47.32027053833008,47.82825078273629,45.58141780954857,45.89402046356507,123233594,0.033717435303937116,45.38408489227295,40.999438247680665,62.61090667927078,0.2635701948243734,0.030612853156236026
2022-06-16,46.245697021484375,47.632870762093624,45.815869325771104,47.281195589155885,109612469,-0.022708524372769268,45.62537517547607,41.28390693664551,57.10783756590526,-0.11053094012660214,0.031348703421586376
2022-06-17,47.066280364990234,47.066280364990234,46.06985804839747,46.38246068969903,94259990,0.01774399341682842,45.88522644042969,41.57150169372559,44.707739941709306,-0.1400614285953179,0.031442847078156984
2022-06-20,49.674560546875,49.821094668861015,47.59379986438577,48.00408944351857,149379221,0.055417172584237395,46.27060737609863,41.89094284057617,53.17725665149956,0.5847574458686025,0.033275335598217756
2022-06-21,50.70029067993164,51.13988558186213,49.088430284461744,49.77224995910102,88236487,0.020649002663822635,46.74635009765625,42.22855407714844,58.5937702589124,-0.40931217602212555,0.03271490635430902
2022-06-22,50.84682083129883,51.677174620333425,50.06531423248546,50.3583787412258,100981096,0.0028901244825640937,47.20499725341797,42.5495581817627,58.0751581099347,0.14443694930873674,0.03276310627929711
2022-06-23,49.381492614746094,51.1398833243999,49.381492614746094,50.84681882721047,64744082,-0.02881848250482455,47.50245838165283,42.84711708068848,58.53821430712025,-0.35884948208524103,0.032993891758669645
2022-06-24,49.08843231201172,50.26069412745283,47.828250767249585,49.82109548084772,119022605,-0.005934618157873661,47.75791358947754,43.122403106689454,57.846366381704144,0.8383549711925795,0.03308684090449021
2022-06-27,48.64883041381836,49.33265007099703,47.945476352778506,47.965010756639685,93449295,-0.008955305302870475,47.771589851379396,43.36779632568359,54.44297159500962,-0.21486095015312423,0.02471576169919138
2022-06-28,46.92951583862305,48.82466976335204,46.92951583862305,48.70744470783203,123077196,-0.03534133422264052,47.68073959350586,43.583883132934574,54.3708572792538,0.31704788142061435,0.02590794581537945
2022-06-29,45.112510681152344,47.339805367257334,45.112510681152344,46.94905394025711,106182179,-0.03871774777559722,47.53029956817627,43.75620544433594,42.95957089177521,-0.13727170872498595,0.027118096507553806
2022-06-30,45.718177795410156,46.1480092093965,44.506843527762314,44.878056824273926,113324471,0.013425701764607334,47.39353580474854,43.93321678161621,50.34915626024303,0.06726450772874037,0.02728062742016235
2022-07-01,48.16039276123047,48.316694092109834,45.73772026934151,46.12847545979875,113167005,0.05341890433055485,47.45801048278808,44.1610262298584,56.9612715999218,-0.0013895145383030494,0.029014971812988174
2022-07-04,46.57783889770508,48.64883235577174,46.519224504229776,48.531607295338624,61893681,-0.03286006971270716,47.449218559265134,44.33530242919922,52.27777562040638,-0.45307661893146334,0.030025899819840475
2022-07-05,45.91355514526367,47.04674061255417,45.42511306925023,46.695061721581716,94256925,-0.014261798489627608,47.377906036376956,44.494339065551756,45.78946911700362,0.522884460531601,0.03004610165304558
2022-07-06,47.30073165893555,47.808711895311895,46.01124479987156,46.245698649936614,120911093,0.0302127881250549,47.4609411239624,44.6553295135498,53.09988296322499,0.2827820661452727,0.029650040020903906
2022-07-07,48.06270217895508,48.2190034979713,47.02720361139925,47.398420641506796,78805450,0.016109064136972773,47.50294704437256,44.84015594482422,52.937786489461786,-0.34823639382699156,0.02886003115481543
2022-07-08,48.39484405517578,48.49253098435243,47.78917316942468,47.92594008739644,27645563,0.006910595142653797,47.64166469573975,45.034360580444336,45.642058223671384,-0.6491922449526016,0.02765800821619427
2022-07-13,48.06270217895508,49.8210929495169,47.398420641506796,49.13727328137692,71590341,-0.006863166577043223,47.749122047424315,45.23169128417969,40.57262764068904,1.5895779731452748,0.027738915375422925
2022-07-14,46.831825256347656,48.45345281176139,46.5973751449601,47.984548862468934,124089415,-0.025609815237279343,47.80187358856201,45.3770516204834,36.6817963827873,0.7333262178482989,0.028433627850402755
2022-07-18,48.824668884277344,48.824668884277344,47.261655750427764,47.86732287397982,89994968,0.042553191489361764,47.87709350585938,45.562268829345705,48.215406133013175,-0.274757093503906,0.02902274603558768
2022-07-19,49.91878128051758,50.114158866412566,48.43392057135769,48.609756299493924,92868817,0.022409008012598486,48.06074771881104,45.754519653320315,52.53125769682773,0.03193344098972295,0.028756375006350404
2022-07-20,50.16299819946289,50.55375333906739,49.08842715532631,50.06531127782036,89483225,0.0048922852818249485,48.215583610534665,45.92391128540039,54.67147721447062,-0.036455638279531466,0.02858129580197267
2022-07-21,50.407222747802734,50.89566484313616,49.869937188239454,50.211848890883324,86215479,0.0048686194427360885,48.25221672058105,46.1040486907959,61.80369759249419,-0.03651797306143134,0.02586132308805694
2022-07-22,48.8930549621582,50.79797995580439,48.06270485733383,50.55375889832456,72541288,-0.030038706818271033,48.161854934692386,46.255465774536134,63.100876725671135,-0.15860482547455312,0.026319054880346037
2022-07-25,48.39484405517578,49.28380852614614,48.297153399481665,48.89305335640462,80665374,-0.0101898093168451,48.03925609588623,46.38910354614258,59.34516008736881,0.11199258000492085,0.026367068801319997
2022-07-26,47.86732482910156,49.13727351803955,47.730561640118346,48.590220762106675,83089797,-0.010900318750336035,47.963547706604004,46.52195976257324,48.81888795347502,0.03005531220868085,0.02570905644460494
2022-07-27,48.551143646240234,48.941895075528514,48.02362530385785,48.12131222955058,75810780,0.014285712008767604,47.93668327331543,46.675135192871096,58.57384087651441,-0.08760422173133964,0.02591165959022728
2022-07-28,48.551143646240234,49.57687127208332,48.31668980745339,49.08842919058496,68121659,0.0,47.93179893493652,46.81619728088379,62.162159309743615,-0.10142516671111945,0.025830242142128444
2022-07-29,49.234962463378906,49.33264938740051,48.375303371223126,48.64882973969744,62805858,0.01408450482899437,48.047071266174314,46.966246643066405,59.53756681791181,-0.07803393337792908,0.024583665971994042
2022-08-01,50.30953598022461,50.4072229089967,49.479185906109436,49.57687283488153,71659508,0.021825415580340346,48.30692253112793,47.15029159545898,60.74765775313637,0.14096853831691947,0.022885866760553642
2022-08-02,51.13988494873047,51.97023873141142,50.45606900907453,50.602599399064786,137217705,0.016504802764077287,48.57800788879395,47.34469146728516,62.53343254237808,0.9148569231036305,0.022950741896240127
2022-08-03,53.72863006591797,53.72863006591797,51.57948411797776,51.726018236037234,133031485,0.05062086314395908,48.85641975402832,47.58187896728516,71.44969717765356,-0.03050787068622085,0.022652211304677365
2022-08-04,54.02169418334961,55.04742182276739,53.82631660286113,54.412449344326575,108646850,0.005454524283833306,49.22861251831055,47.822974014282224,79.29936988930858,-0.1832997278802082,0.0207579944140936
2022-08-05,56.85466003417969,57.05003761552742,53.924007493515965,54.363606119919005,99647394,0.05244126260118742,49.77566776275635,48.136358489990236,80.62594059567277,-0.08283218519450863,0.022350720901872196
2022-08-08,57.39194869995117,57.63616975824883,56.268530341174866,57.05004070894149,87925247,0.009450213323735968,50.28022861480713,48.45071990966797,79.76654701575721,-0.11763626251982062,0.02188770992508633
2022-08-09,57.24541091918945,58.27114227975977,56.5615949808324,57.39194503541875,102076610,-0.0025532811497276375,50.739364051818846,48.72698272705078,78.43135753571585,0.16094766273445904,0.022008360878072966
2022-08-10,58.759586334228516,58.95496019372481,57.24541283750972,57.44079042352352,92599249,0.026450599108748696,51.25760116577148,49.022587890625,80.42703310850398,-0.09284556961678092,0.022341574583265255
2022-08-11,59.980690002441406,61.00641764374096,58.71073759019516,60.4691320913,136866004,0.020781352361249894,51.853500556945804,49.2546955871582,91.27268462152988,0.4780465876132538,0.0220982276568712
2022-08-12,60.957576751708984,61.885613778476454,59.834158409334854,60.42028745008458,101328664,0.016286687419364787,52.559788131713866,49.498916702270506,95.15445018640422,-0.259650599574749,0.020323041606751427
2022-08-15,62.12982940673828,62.17867659463237,60.664503206329194,61.152945273132225,84075886,0.01923063083370402,53.225046157836914,49.77908706665039,98.99325358824088,-0.1702655232876652,0.019204229903688745
2022-08-16,66.28158569335938,66.4769669881246,60.27375062372225,62.22751885316857,144211535,0.066823880352886,54.04318637847901,50.13564971923828,99.18696347769843,0.7152544190851584,0.022687463128550363
2022-08-17,67.11194610595703,67.50270130303964,64.47436156846143,66.42813010083906,140910417,0.012527769272738576,54.890633773803714,50.540470657348635,99.22277114237913,-0.022890804123262387,0.022580990385481246
2022-08-18,68.03997802734375,68.43073315204525,65.25585987502595,67.20962804549936,99352988,0.01382811817022156,55.77227153778076,50.96619667053223,99.23270980435238,-0.2949209141862096,0.022460103435516778
2022-08-19,66.91657257080078,68.57727285046776,66.57466456652058,67.9423040366769,78852077,-0.01651096148343112,56.67344741821289,51.3577320098877,93.36737692536197,-0.2063441816163596,0.021189149267147787
2022-08-22,66.18390655517578,67.74691983192345,65.93968549777661,66.9165697273733,76273653,-0.01094894713637351,57.56290054321289,51.76860954284668,89.48719612371247,-0.03269950644419928,0.021239195721590196
2022-08-23,66.23274993896484,67.45385515573754,65.4512396190164,66.23274993896484,77832215,0.000737994874151715,58.48117179870606,52.14881286621094,87.86983943894207,0.020433818739480136,0.020614077372864244
2022-08-24,67.06310272216797,70.04259510040171,66.52581342373095,66.6235003544372,158320953,0.012536891250451099,59.40676975250244,52.577665100097654,88.25216714320656,1.0341314068988017,0.020627963669192378
2022-08-25,68.67496490478516,69.3587808900931,67.20963854795221,67.69808066689653,100888883,0.02403500758524224,60.412960815429685,53.03289329528808,87.3456996947861,-0.36275722771830465,0.02031516805076308
2022-08-26,68.08882141113281,69.50530788250735,65.84199236641984,69.26108684810151,93635673,-0.008535038852440668,61.35565376281738,53.47913383483887,83.69225733910419,-0.07189305485719377,0.021138826923018206
2022-08-29,68.82148742675781,69.21224258895013,66.9165662589931,67.79576351066713,86908068,0.0107604449664509,62.28125133514404,53.90915817260742,85.163184529955,-0.07184873867462882,0.021138271368501924
2022-08-31,71.41023254394531,71.70330078111502,69.0657090056923,69.358777242862,105936916,0.03761536133525922,63.294768714904784,54.41244888305664,86.07240170426054,0.21895375697455388,0.02168500936591393
2022-09-01,69.45645904541016,71.41022727427139,68.87033006735865,71.41022727427139,96247618,-0.027359853468238216,64.08116016387939,54.86025245666504,75.9357915794837,-0.09146290420612202,0.022332411961980422
2022-09-02,70.14028930664062,70.77525808114193,69.40762614864522,69.94490799268749,67262251,0.009845452397499566,64.88708992004395,55.269567031860355,75.54345253999558,-0.30115412310775314,0.02227425751838309
2022-09-05,73.41284942626953,74.48742056013663,70.72641786508427,71.41023382671743,134484397,0.046657351316614415,65.71499938964844,55.72381820678711,78.10217119489828,0.9994037517418202,0.02177219996536955
2022-09-06,71.94751739501953,73.99897256971158,70.9217860811563,73.95012538218117,84318967,-0.019960157420693347,66.44277782440186,56.14583213806152,66.29211264701172,-0.3730204478665283,0.02298964159192929
2022-09-07,72.9732437133789,74.34088302690994,71.45907773839089,72.24058059395529,114680580,0.014256590852575801,67.22916946411132,56.61766716003418,66.66662327823872,0.36008046683019734,0.022750527159625958
2022-09-08,71.31254577636719,74.29204553316909,70.53103544417934,74.1455114142545,126693505,-0.022757628036031097,67.85681743621826,57.06214942932129,58.9333362212668,0.10475117059924188,0.023793986672691093
2022-09-09,71.70330047607422,73.26631367724856,70.57988217574945,71.80098740370359,89194028,0.005479466417205536,68.4429479598999,57.523238830566406,63.61106820481403,-0.2959857886953242,0.02367453043324835
2022-09-12,73.21746826171875,73.80360474777264,71.45908116266213,72.19174431719448,95085380,0.021117128159948262,69.05594253540039,58.04899787902832,69.14888976681178,0.06605096924202147,0.023774764772850142
2022-09-13,69.45645904541016,76.7830899036398,69.45645904541016,73.85243756034795,140870201,-0.05136764908156499,69.42227401733399,58.53587684631348,57.30085238641241,0.4815127309792526,0.027237888103615226
2022-09-14,72.58250427246094,72.58250427246094,67.7957698568591,69.45647013533694,83172006,0.04500726455126358,69.73731994628906,59.07316337585449,61.32263255640117,-0.40958410359618924,0.025017586957774403
2022-09-15,72.43596649169922,74.73164292088406,71.94752438110521,72.82672167078145,89923947,-0.002018913266090161,70.00352096557617,59.558674850463866,58.208929872683505,0.08118045150912923,0.024994015630490304
2022-09-16,72.2405776977539,73.60821695645483,72.09405104217132,72.7290197577875,52341370,-0.002697400247537285,70.21355094909669,60.07192962646484,59.219063359873466,-0.41793735988924063,0.024929289366537745
2022-09-19,67.1607894897461,72.82672089336778,67.1607894897461,72.68018677114678,43864913,-0.0703176576087341,70.22576179504395,60.49687431335449,46.909105367115714,-0.16194564643607912,0.02963787428710737
2022-09-20,70.77525329589844,70.77525329589844,66.42812183359052,68.33304293436937,68398523,0.053818066071188664,70.45532913208008,60.96636474609375,48.861639431799034,0.5592991829255423,0.03177069091274066
2022-09-21,68.13766479492188,70.67756192032648,66.91655969107023,70.14028014645221,71619738,-0.03726710083183005,70.55057487487792,61.367863998413085,47.692308924642155,0.047094803494514004,0.03307591867530611
2022-09-22,69.65184783935547,70.48219793541634,67.5515452765885,68.33304818045485,67209253,0.02222240883938298,70.68001213073731,61.79300407409668,49.16943711237436,-0.06158197618650885,0.03330928189066648
2022-09-23,69.21224212646484,71.36139177764431,68.87033415671928,69.89606551899071,69697068,-0.006311472366167914,70.70687599182129,62.215994873046874,42.09558992428976,0.03701595969233584,0.03296253503286544
2022-09-26,67.79576110839844,69.50530836100845,66.67234285179066,69.11455321266212,50013000,-0.02046575828995989,70.69222297668458,62.63527359008789,42.17312473517475,-0.28242318600834115,0.03324916055067342
2022-09-27,69.35877227783203,70.48219050251646,67.94229328999145,68.33304097419965,68834076,0.023054703478208705,70.71908721923828,63.045955657958984,43.321307374705796,0.3763236758442805,0.03356463551395223
2022-09-28,67.35616302490234,69.5541524884812,67.3073232864216,69.06571038546367,43766105,-0.028873193500423944,70.51638374328613,63.39470329284668,42.7807540232215,-0.36417966880241115,0.033028024386358636
2022-09-29,67.0142593383789,68.91918813405621,63.546324656513605,67.8446094761193,64316284,-0.005076056461188694,70.39427375793457,63.731728515625,41.42858497639173,0.4695455307252039,0.03251344559113781
2022-09-30,68.968017578125,68.968017578125,66.33043342781501,67.06309651990493,49906065,0.02915436593696974,70.33566017150879,64.10294441223145,42.35500584440219,-0.22405241882444582,0.03314187787425686
2022-10-03,75.85505676269531,75.85505676269531,69.65184381701428,69.84721766843938,92281634,0.09985844781994602,70.45777053833008,64.64218444824219,60.347555124111146,0.849106596562963,0.03876809605019913
2022-10-04,78.93224334716797,79.56721209065445,76.39233856108328,77.4669171027505,105490442,0.04056666379011897,70.8070068359375,65.25293243408203,60.284795383641615,0.14313582700540395,0.03929430821475424
2022-10-05,82.83978271484375,82.93746964373396,79.12761979273598,79.71374881911223,105455574,0.04950498303322304,71.30033378601074,65.95238159179688,65.02115509809775,-0.00033053231495605573,0.04048630421427843
2022-10-06,82.7420883178711,83.18169067734954,81.47214333645935,82.9863093665697,71999244,-0.0011793173976438753,71.87181091308594,66.6362004852295,65.20510174999833,-0.3172552073918824,0.03993158810551516
2022-10-07,82.25364685058594,84.54933068836702,81.66751781982619,83.13284412324306,68721301,-0.005903180318687418,72.39932823181152,67.31025054931641,75.20390531974449,-0.04552746414948472,0.04005349112663584
2022-10-10,84.15857696533203,84.45163775923838,82.35134265061994,82.54671651322418,74555942,0.023159217708685897,72.94638366699219,68.00872283935547,73.70242467005781,0.08490294734088333,0.04009223584650806
2022-10-11,82.54671478271484,84.50048317993887,82.54671478271484,84.30510932143045,60427732,-0.019152678678029167,73.60089645385742,68.65346641540528,76.48114387726,-0.1894981086819344,0.03819462036939163
2022-10-12,83.13284301757812,84.06088746922016,81.91173778097141,82.64440092293543,77791043,0.007100564043113433,74.12841339111328,69.29332557678222,75.65053921874615,0.2873401073533588,0.03726141022015888
2022-10-13,85.96580505371094,86.25887327942606,83.42590775864002,83.62128160709372,93869664,0.03407753101302924,74.80490531921387,69.93806907653808,79.2163568373595,0.20668987559403207,0.03765034477428378
2022-10-14,87.9195785522461,88.35917346379333,86.60078636456942,88.1149524122593,61841932,0.022727333238075964,75.58885536193847,70.61602676391601,84.44816337426448,-0.3411936363168403,0.037654456376115385
2022-10-17,96.17424011230469,96.61384244488804,87.52881700791272,88.310327297149,94313631,0.09388877535568785,77.0395278930664,71.40241836547851,87.34693868876937,0.5250757528079815,0.036993492024241716
2022-10-18,95.00199127197266,98.17686501628022,93.68319905340577,97.39535465185197,74182192,-0.012188802728913428,78.25086479187011,72.15461921691895,89.41506450697804,-0.21345206187640042,0.0366425219206137
2022-10-19,95.14852142333984,96.71153463388659,94.51354521038917,95.44158220798523,64208326,0.001542390316300768,79.60140762329101,72.91268142700196,90.33614199108136,-0.1344509474726765,0.03467915493480141
2022-10-20,96.76038360595703,98.56761789683185,95.09967598358516,95.34389703513675,80341293,0.01694048586888286,80.95683441162109,73.67269737243652,90.24046399137838,0.25125973538073554,0.03466048694005302
2022-10-21,95.68579864501953,97.2488192332968,95.34389068622183,96.76037716271878,59199900,-0.011105629400081751,82.28051223754883,74.38679954528808,84.52378454065291,-0.2631447940475641,0.03484714954022405
2022-10-24,97.1999740600586,97.88378999183006,95.05083188617569,96.22308989865097,77909023,0.01582445291235368,83.75072288513184,75.11164749145507,83.6330695751795,0.3160330169476637,0.03372692224627002
2022-10-25,98.17686462402344,99.73987789359987,97.24882759137859,97.78610944337055,62932344,0.010050317126229169,85.1916275024414,75.83258819580078,81.65320294963104,-0.192232920184354,0.03376380466708001
2022-10-26,96.51616668701172,99.739880233704,96.51616668701172,98.86068291986598,56884356,-0.016915369454621576,86.64962768554688,76.43727981567383,76.70456058224177,-0.09610301500926133,0.032986150799113774
2022-10-27,97.10228729248047,98.0791714554772,94.26932172918306,96.80921906236759,89189248,0.006072771283690326,88.15402908325196,77.0370866394043,78.67924978714262,0.5679046801549446,0.032656765866283584
2022-10-28,94.70891571044922,96.95575224494645,94.70891571044922,96.4184629792518,19054680,-0.024647942378764,89.44107398986816,77.5704653930664,69.9999826446037,-0.7863567590568765,0.0339827870403627
2022-10-31,98.95836639404297,99.15374024089003,94.56238776267345,95.44157752651975,65210904,0.04486853905692967,90.59623947143555,78.21130126953125,78.28282562666125,2.4223038119769003,0.028698001504668842
2022-11-01,100.03294372558594,102.37746729982526,98.76299128240444,99.93525679604159,62304734,0.010858883090936411,91.65127449035644,78.88828201293946,78.64238658927081,-0.044565706373277725,0.027997851952545078
2022-11-02,98.46992492675781,100.42369321932813,98.07916977763684,100.32599884227197,59575517,-0.01562504051781033,92.43278160095215,79.53302551269532,72.14532404429768,-0.04380432793437494,0.027216588496414403
2022-11-03,99.44681549072266,102.08439987469207,98.66530514204689,100.61907356070128,104108273,0.009920699794291998,93.26801795959473,80.1806997680664,71.14695029473364,0.7475009574822489,0.02711063415437536
2022-11-04,101.79132843017578,103.94047809494347,99.44681236393438,99.73987314569715,112457958,0.0235755456611062,94.24490203857422,80.84302703857422,63.1578966180712,0.08020193553686172,0.027026063783544954
2022-11-07,104.72198486328125,105.11274003987518,100.42370027985316,102.47515564067749,108494047,0.0287908260782328,95.27307243347168,81.5756903076172,71.03590547655192,-0.03524793683342531,0.027187737269532344
2022-11-08,110.3879165649414,112.83012710841356,103.15897186565681,104.72198512287197,120082454,0.054104510233044634,96.66513252258301,82.40701889038085,76.6211310253649,0.10681145482571952,0.027792838520637707
2022-11-09,109.02027893066406,113.51394491261837,108.92259199795456,110.38791834770282,80680715,-0.012389378084446068,97.95950431823731,83.15921981811523,71.60066232411889,-0.3281223666531665,0.028418774759671802
2022-11-10,110.77867126464844,111.65786854711293,108.33646073171101,108.72721590758802,72960174,0.01612903903046048,99.20014762878418,83.9856640625,75.96638924598682,-0.09569252082111568,0.02803277429816083
2022-11-11,108.9225845336914,112.9278081245924,108.53182937659588,112.43936604148168,80553000,-0.016754910577712834,100.25029792785645,84.76130996704102,69.93354042166311,0.10406809062708655,0.028702876968621137
2022-11-14,107.16419219970703,109.11796057128262,105.01504997218784,105.01504997218784,81824066,-0.016143505421875814,100.79979553222657,85.43633682250976,64.88671188334149,0.015779250927960398,0.021699460004927836
2022-11-15,106.48037719726562,110.48560090398698,105.40580607395525,109.6064036383567,88566846,-0.006381002724931473,101.37371482849122,86.12699401855468,67.05683194535249,0.08240582911145,0.02148604668724466
2022-11-16,102.18208312988281,107.06650400084312,101.69364104278678,106.96881707403087,99354695,-0.04036700639611546,101.72539291381835,86.71117080688477,57.71512331910012,0.12180459717398096,0.023850610126124598
2022-11-17,104.72198486328125,106.38269250054672,99.05606088829192,102.57284257156721,108199271,0.024856625110783792,102.12347297668457,87.37935958862305,65.14032131651497,0.08902021187826104,0.024143341707138347
2022-11-18,104.13584899902344,106.87112760285422,103.25665177257537,105.01504622547152,71912625,-0.005597066031770126,102.54597549438476,88.02801055908203,58.80397179814705,-0.3353686736022463,0.023990045164470966
2022-11-21,104.42891693115234,105.30811415512213,101.98670656069991,104.2335356296954,62238015,0.0028142847534824433,102.90742263793945,88.6522395324707,57.67916369352168,-0.13453284454572478,0.023843082159275168
2022-11-22,108.6295166015625,108.6295166015625,104.72197992592305,105.30811638969676,93556686,0.04022448756391417,103.4300552368164,89.43570068359375,66.24998291579537,0.5032080634319716,0.0251729050770004
2022-11-23,109.89946746826172,110.87635162353516,108.33645431043115,109.0202702379087,82450714,0.011690661124427404,104.0992202758789,90.18203994750976,66.5634451095372,-0.11870848011867374,0.024647237485609458
2022-11-24,109.02027893066406,111.8532446974511,108.72721813253555,110.19254448228382,86424863,-0.007999934466029646,104.69511985778809,90.91372619628906,62.012992364279135,0.048200298180559153,0.024868970922705826
2022-11-25,111.16942596435547,111.3647998249396,107.94570509347214,109.41103140695819,84417963,0.019713277701832288,105.5181453704834,91.6923031616211,61.00000338430003,-0.02322132694615897,0.023943635635096255
2022-11-28,112.43936920166016,114.78389275709287,111.16942422170051,111.85324017606071,86237156,0.01142349370151341,106.19219551086425,92.59787475585938,54.11763769051624,0.021549832942545644,0.02237267367895171
2022-11-29,116.15153503417969,116.4445958278176,110.77867183409853,113.02550106412959,92899813,0.03301482264509814,106.99812507629395,93.505400390625,63.082434165701386,0.07725970230279855,0.023128227757167424
2022-11-30,117.2260971069336,118.30066817314025,115.95614474039468,117.71453917821249,56817069,0.009251380728095393,107.93593368530273,94.48716903686524,62.132334045510625,-0.3884049153037584,0.022464360317602024
2022-12-01,121.5243911743164,123.18509126755836,119.47293592588966,119.6683097769647,73201710,0.03666669942497447,109.03981246948243,95.52461990356446,71.71717437333875,0.2883753296038556,0.023302882953677946
2022-12-02,125.33424377441406,126.21343357748798,120.84057056608813,121.52439396663266,78008607,0.031350517894245256,110.21695823669434,96.64705993652343,79.24529089644946,0.06566645779176472,0.023598439000861674
2022-12-05,135.39614868164062,137.7406646710608,124.25966046672188,126.60419136221121,108945686,0.08028057300394886,111.7506664276123,97.99906768798829,85.74878898973881,0.39658545626894726,0.02806047061805011
2022-12-06,132.4654998779297,136.76378427854175,130.3163427715541,135.59152625165387,68301320,-0.02164499383658114,112.85454559326172,99.26120223999024,88.75001317925387,-0.3730699901233354,0.027365752442102903
2022-12-07,131.5863037109375,136.0799771624815,127.28801903160277,133.63776657057073,78302223,-0.006637170944905568,113.98284683227538,100.54580505371094,85.90079473671976,0.14642327556773438,0.02715291331527402
2022-12-08,132.27011108398438,134.8100158966387,129.63252679765534,131.87936337714657,67275299,0.0051966455000440614,115.05741882324219,101.85092208862305,87.50002033836532,-0.14082517171958198,0.027128710414341086
2022-12-09,137.7406768798828,139.01062936424475,132.27011921158694,132.66088184850548,67917513,0.04135904741491392,116.49832344055176,103.22637527465821,89.01604002258267,0.00954605939395381,0.027308655245910054
2022-12-12,142.52740478515625,143.1135412921256,138.52218834110087,139.20600432851808,78847162,0.03475173793031172,118.26648406982422,104.55982223510742,89.16480644596004,0.160925341892304,0.026901305563324898
2022-12-13,140.67132568359375,143.21123058197554,140.28057796356734,142.6250940958659,58193036,-0.013022612067906003,119.97603149414063,105.79460388183594,85.07797145670507,-0.26195141938019273,0.027214384461113444
2022-12-14,133.83314514160156,141.8435931834613,133.83314514160156,140.86670891235474,64129327,-0.04861104783623793,121.55858459472657,106.81447113037109,74.90197771934112,0.10201033333266896,0.0281339321016533
2022-12-15,136.86148071289062,139.88981275230682,133.83313376740466,137.34992280693226,58519866,0.02262769486650673,123.16555938720703,107.89685897827148,75.33720017726588,-0.08747107232234008,0.02809285565192853
2022-12-16,135.98226928710938,138.03373194324013,135.78689544035146,137.0568478033815,14256548,-0.006424096986248906,124.75788040161133,108.97143142700196,73.39805109694608,-0.7563810552812954,0.028123568004239017
2022-12-19,139.9875030517578,140.86669283296922,137.05685057296066,137.154530045279,50593904,0.02945408828405327,126.5358097076416,110.08800994873047,73.55211784728245,2.548818690190641,0.028206549450207497
2022-12-20,142.52740478515625,144.57886765347843,140.6713306898709,141.06207842380343,73734542,0.018143774822952263,128.2307041168213,111.2876237487793,74.29643634419881,0.4573799641948959,0.027598336114157383
2022-12-21,139.5967559814453,143.40661357156173,139.5967559814453,142.9181714373984,50608173,-0.020562002150593783,129.71556854248047,112.41690200805664,67.8227414527577,-0.31364362444944727,0.028663903175176208
2022-12-22,138.81524658203125,142.03895241962948,137.83836241159068,140.37825231109443,47506386,-0.005598334960720264,131.20531692504883,113.47389083862305,64.13934445906494,-0.061290238633985084,0.028578775896011363
2022-12-23,138.5221710205078,139.98749719863855,137.54528690175397,139.01061307988473,38021776,-0.0021112634868263314,132.57295417785645,114.48594268798828,54.12370034206662,-0.19964915874678402,0.028706706659655336
2022-12-26,141.648193359375,141.94126156822875,139.49905133789468,139.98749338396152,43689692,0.022566945896367763,134.03339538574218,115.39542175292969,62.051254734516625,0.14907025910625538,0.028814199306207176
2022-12-27,139.79212951660156,143.2112240829161,139.69443513799342,141.84357731274866,63253933,-0.013103335798038906,135.21542510986328,116.29122451782227,60.499999414255385,0.44779992955775483,0.028889404094205182
2022-12-28,136.86148071289062,140.4759492275847,133.9308281486409,140.18288098994577,48565337,-0.020964333355855347,136.19719429016112,117.12548370361328,55.555571967274375,-0.2322163271649843,0.029692820013032358
2022-12-29,139.0106201171875,139.88980990614675,135.29845729678388,136.95915740152327,45564894,0.01570302610422103,137.07150573730468,117.97048843383789,51.670943724730655,-0.06178157478861934,0.028996357515237867
2022-12-30,137.64297485351562,142.03895365885094,137.2522271443581,139.40136935686368,50212233,-0.00983842286667691,137.68694229125975,118.80963195800781,42.93783914724408,0.10199385079223489,0.028646751935374762
2023-01-02,143.40660095214844,143.69966918807137,138.8152482762548,139.10830160610806,60745183,0.04187373968607311,138.08746490478515,119.73376449584961,53.553298385565355,0.20976860359904737,0.02429734607328803
2023-01-03,143.9927215576172,146.9233740851622,143.01583738176885,144.87192625952244,73564352,0.0040871243135058855,138.66382598876953,120.65008163452148,65.7575439154521,0.21103186074853042,0.023585711020789997
2023-01-04,141.15975952148438,144.77422789133968,140.2805697498682,144.48115966544458,50055440,-0.019674341907616744,139.1424987792969,121.54295349121094,56.7072973276721,-0.3195693479363483,0.024083022853647818
2023-01-05,138.5221710205078,143.79733929935105,137.05684484237705,141.45282337676932,66261587,-0.018685130308507825,139.45510177612306,122.37135116577149,53.75723039154831,0.3237639505316505,0.024596333399202835
2023-01-06,139.2060089111328,140.8667091941216,129.33947179079252,132.07475073657636,84430370,0.004936667434440878,139.52836837768555,123.26129302978515,48.717970540557054,0.27419782444993346,0.022862723559471148
2023-01-09,135.2007598876953,141.45282736775866,134.90770656865584,140.3782488443835,65134360,-0.028772098667050994,139.1620361328125,123.98614089965821,38.53209782129466,-0.22854347316019108,0.022300039783735095
2023-01-10,128.16720581054688,135.20076916546606,128.16720581054688,134.90771582631663,53114168,-0.052023036579016746,138.53683013916014,124.54882614135742,34.14634146341464,-0.18454456296185295,0.024838636595358444
2023-01-11,122.4035873413086,131.87936064335827,122.4035873413086,128.75333433524807,67243889,-0.044969525806452415,137.9653522491455,125.02749938964844,30.000001859505787,0.26602546047600706,0.024508250650650737
2023-01-12,132.66087341308594,133.24699497208874,122.20820831077148,126.7018740071057,101228836,0.08379890078855334,137.75532188415528,125.6917805480957,44.252881817863546,0.5053982972341173,0.030988399517718826
2023-01-13,131.5863037109375,134.8100246734738,130.12097735579104,131.8793719631809,60042383,-0.008100125338406206,137.53552360534667,126.28768005371094,39.720579262637045,-0.4068648285158588,0.03100579350556119
2023-01-16,141.06207275390625,141.06207275390625,131.4886195027229,132.66087756347292,69854606,0.07201181867517659,137.5892520904541,127.01448181152344,51.12261932188813,0.16342161169719072,0.034484835607903
2023-01-17,143.9927215576172,144.38348417159827,139.88981100026808,141.15976341008485,75412924,0.020775597199848894,137.66251792907715,127.68657791137696,56.30395794564724,0.0795698139074752,0.03455889680346981
2023-01-18,145.6534423828125,147.60721081232805,143.50428518548927,144.7742376458884,88435518,0.011533366459295591,137.9653522491455,128.41924118041993,55.92334902483473,0.17268384925639535,0.0342454122798497
2023-01-19,151.02630615234375,152.00319037090725,144.87193259417973,145.65344295024457,101059055,0.03688799716391222,138.57590522766114,129.22419387817382,61.13821937323023,0.14274284004306947,0.03501448409579663
2023-01-20,149.36558532714844,151.90549016042587,148.38870114605245,151.22167421487262,57057208,-0.010996235473839322,139.11807594299316,130.03305389404298,55.32284959346158,-0.4354072675625158,0.03516279221143245
2023-01-23,147.70489501953125,152.78469011770784,145.5557526594647,150.8309216256345,60963029,-0.011118292771255534,139.42091102600097,130.84386795043946,53.25343409201907,0.06845447116865588,0.03505098321804899
2023-01-24,146.23956298828125,149.36558947334902,144.09042071142653,148.0956519275281,59286966,-0.00992067345538028,139.74328269958497,131.63905166625977,54.56140447028874,-0.027493105698537357,0.03498276959107178
2023-01-25,148.29103088378906,149.75635724646273,141.0620785509566,148.09565701664667,108873538,0.014028132015631023,140.31476020812988,132.5612306213379,58.86525480690807,0.836382350886365,0.03460322643226249
2023-01-26,146.72799682617188,149.65864928570687,146.14187527790642,148.58408566085225,78729048,-0.010540314193662081,140.7006290435791,133.4013508605957,56.71899721187261,-0.27687618638791733,0.034656652300966775
2023-01-27,146.33724975585938,147.11876006297254,140.5736242837104,146.33724975585938,81105028,-0.002663070980076232,141.13534278869628,134.24537887573243,60.6343318377914,0.03017920399596341,0.03455084655763109
2023-01-30,141.4528350830078,146.82569818079693,141.4528350830078,146.53262993970355,48666913,-0.03337779465584079,141.03765449523925,134.98585723876954,63.2295667225618,-0.39995196105474495,0.03426240690204347
2023-01-31,134.4192657470703,141.15976045698298,134.4192657470703,141.15976045698298,65737449,-0.04972377776528858,140.55898170471193,135.50165222167968,61.66982348539759,0.35076266292049385,0.035982701862086075
2023-02-01,127.77645111083984,137.05685063095794,127.77645111083984,135.8845926201569,64560389,-0.04941862016066878,139.8898162841797,135.85919189453125,44.89796178589627,-0.017905471202571355,0.037305916972272056
2023-02-02,131.48861694335938,133.24699654722338,122.20820975541481,127.19031759618044,103057422,0.029052034238291835,139.53813858032225,136.30855865478514,49.90328992508217,0.5962949355834892,0.03786123330034495
2023-02-03,139.40138244628906,140.08519845455805,130.12098187473137,131.4886287973404,77657983,0.06017833092227454,139.54790725708008,136.87319778442384,48.30340830439039,-0.24645909539635102,0.040323490016348294
2023-02-06,136.6660919189453,138.22911258194645,130.90248117300936,136.17764982501618,14257959,-0.019621688675846904,139.62117385864258,137.35773223876953,42.48498352092259,-0.8164006010817974,0.04002068868101132
2023-02-07,124.25965881347656,135.5915207257344,123.08740083436308,135.5915207257344,48181521,-0.0907791605896423,139.42579650878906,137.51989471435547,32.019706644561225,2.3792719561053586,0.04352299844969449
2023-02-08,112.34168243408203,112.34168243408203,112.34168243408203,112.34168243408203,2500,-0.09591187110278765,138.92270126342774,137.42220642089845,20.710074347909128,-0.9999481128875114,0.047557063808197075
2023-02-15,136.6660919189453,136.6660919189453,131.87936536086767,132.85624954872594,20534049,0.2165216770643963,139.1229621887207,137.72504043579102,42.84141241977624,8212.6196,0.06601379320987148
2023-02-16,136.7637939453125,149.26791523009805,135.5915358355668,147.6072149991191,63980902,0.0007148958823315343,139.38183670043946,137.95363143920898,43.72197796270989,2.1158444201628233,0.06596208966226899
2023-02-17,138.0337371826172,139.9875055364941,133.1493162979249,135.10308465180182,31130671,0.009285668382470469,139.230419921875,138.00638320922852,45.280901893494054,-0.5134380725048233,0.0640146772379174
2023-02-20,138.0337371826172,139.10830083360773,136.4707165370878,138.5221792710864,30150790,0.0,138.932470703125,138.11774795532227,43.9585694734583,-0.03147638545921483,0.06384086339622225
2023-02-21,134.3215789794922,138.42448968346991,134.3215789794922,137.252231611772,29105005,-0.02689312249956588,138.365877532959,138.17245346069336,42.87318344702284,-0.034685160819998395,0.06404410431510592
2023-02-22,133.2469940185547,137.1545306748885,132.56317808491016,134.51694641307705,29363923,-0.00800009178794392,137.47691192626954,138.19199111938477,42.538973525398355,0.008895995723072314,0.06338478689729206
2023-02-23,133.4423828125,135.7868988445098,132.9539407303255,133.54006228529326,22470917,0.0014663654920283875,136.6807518005371,138.10602523803712,45.17647210157678,-0.2347440428855504,0.06337839854164118
2023-02-24,131.87936401367188,134.3215744583695,131.78166963345612,133.83313236942996,19057041,-0.011713061217022203,135.88947525024415,137.8930644226074,48.362719560629884,-0.15192419606195862,0.06338213477684591
2023-02-27,140.08518981933594,140.08518981933594,130.4140420980857,131.87936841379454,52423380,0.06222221245177795,135.58175659179688,137.88134170532226,57.777772206913596,1.750866726896374,0.06505032072363827
2023-02-28,140.28057861328125,142.13665265110822,138.131421424972,140.37825809070523,45375506,0.001394785517279118,135.18123397827148,138.01029037475587,55.81395231507688,-0.13444142670693882,0.06496557048090237
2023-03-01,144.0904083251953,145.2626662930679,141.0620615776281,141.15975595247946,39612979,0.027158639845768162,135.04935455322266,138.15486892700196,53.27867453207136,-0.12699642401783906,0.06521726586928055
2023-03-02,138.71754455566406,142.82045486412488,138.52217071355994,138.71754455566406,36371596,-0.03728814313167417,134.6683692932129,138.20957443237305,51.3833961591628,-0.08182628728831531,0.0657766515440367
2023-03-03,135.49383544921875,139.88981434566392,132.3678089929606,138.71755628782586,39690451,-0.023239375500564097,134.37041931152345,138.11970108032227,58.64662298744634,0.09124853910727482,0.06555053436285763
2023-03-06,139.10829162597656,141.15975422418805,135.49382339176125,136.76377571893653,37723665,0.02667616696194619,134.60487060546876,138.05131881713868,73.62067584153657,-0.04955312803071954,0.06473549226921475
2023-03-07,137.7406768798828,141.5505194268982,137.7406768798828,140.18288746285944,40966650,-0.009831295676974383,135.1030818939209,138.01419723510742,51.59422218962425,0.08596685926460212,0.06362506641303513
2023-03-08,136.86148071289062,138.71755470782088,136.17764985637655,137.74067051973765,22899601,-0.006382981316106706,135.37172508239746,137.9751219177246,50.14164080317105,-0.44101846257870736,0.06342981755089652
2023-03-09,137.25222778320312,139.98750647824602,137.15453340242422,137.5452960194702,27001429,0.00285505511322226,135.26426734924317,137.94972305297853,48.837205078455796,0.17912224758850592,0.062027723480599435
2023-03-10,135.49383544921875,137.74067208861584,135.20076720824176,137.15453560666182,20220146,-0.012811393755749023,135.20565452575684,137.8266358947754,46.40883238887779,-0.2511453375300988,0.061927564858921355
2023-03-13,132.66087341308594,136.86147832991875,132.3678051805498,136.66608957084833,25099830,-0.02090842012657146,135.6257152557373,137.68401077270508,47.59206209716886,0.2413278321531407,0.0583275084616449
2023-03-14,129.2417755126953,134.12619624328798,129.2417755126953,132.85624387212005,21213187,-0.02577322018485484,136.47071990966796,137.53161666870116,44.56233696498828,-0.15484738342849336,0.05389587203746693
2023-03-15,127.87413787841797,131.19555315558856,126.60420032280734,129.73022683197306,25320121,-0.010582009020318695,136.0311222076416,137.3088870239258,42.673504612581866,0.19360287541895516,0.022477594731352975
2023-03-16,129.1440887451172,130.3163468083177,127.0926408610338,128.94871488559542,23362097,0.009931256529030819,135.65013694763184,137.13890930175782,46.3730520676106,-0.0773307520923775,0.0226533290095263
2023-03-17,123.57585144042969,131.29323066677162,123.57585144042969,130.5117352307395,26317980,-0.04311647059337842,134.92724266052247,136.74229431152344,26.46236239602881,0.12652472935113668,0.024182464540149464
2023-03-20,123.18509674072266,126.31113066805719,121.81745736332849,124.06429401569284,29507963,-0.003162063584044139,134.18481063842773,136.32614181518554,25.761712804823034,0.1212092645408196,0.024156713593532653
2023-03-21,121.03594970703125,124.16197605828353,119.66831038347037,123.86891528018566,30417591,-0.017446485740193807,133.5205291748047,135.92366561889648,15.697636403759304,0.030826526385437036,0.023804122045786857
2023-03-22,124.94348907470703,124.94348907470703,119.96138120895036,121.52439441837903,28343051,0.03228412200783337,133.1053539276123,135.65209197998047,28.57141500661946,-0.06820198220168061,0.025194207284400874
2023-03-23,126.40880584716797,126.5065002267593,122.89203177292293,124.45504495693231,21951569,0.01172783618668416,132.7536750793457,135.39614791870116,35.048196870750516,-0.22550437495243547,0.025391803865421943
2023-03-24,125.43192291259766,127.67875951073182,123.96660409372798,126.21343323882732,25971786,-0.007727965848766893,132.431303024292,135.20077117919922,25.35210028179023,0.18314030309177443,0.025330439728279405
2023-03-27,122.4035873413086,126.31112395296365,122.4035873413086,126.11575010359475,16795910,-0.024143260351666918,131.54722290039064,135.08549880981445,23.920238023884906,-0.35330169438482206,0.020709973775853572
2023-03-28,116.63997650146484,122.50128177839237,116.63997650146484,122.40359484771726,23559138,-0.047086943814584226,130.3651927947998,134.97022659301757,20.512798832826718,0.4026711264825782,0.022495307232153657
2023-03-29,121.71977233886719,121.71977233886719,114.88158279788549,116.24922219668885,30460768,0.04355107048001283,129.2466609954834,134.75140457153321,30.075182818934877,0.2929491732677145,0.02411989018133346
2023-03-30,119.08218383789062,122.50127849101199,118.69142867264122,121.2313260672101,22890708,-0.021669351250785507,128.26489295959473,134.50132217407227,29.41175907588611,-0.24851835646428877,0.023367021690250702
2023-03-31,115.76077270507812,118.69142517862441,115.76077270507812,118.69142517862441,18119844,-0.027891755305176624,127.27823982238769,133.9952961730957,29.055679312574924,-0.20841924155425862,0.02355599453958527
2023-04-03,118.00761413574219,119.86368815008247,113.22088007346973,115.5654036399945,28849720,0.019409350664825853,126.22320594787598,133.4755940246582,35.66085433996365,0.5921616102213683,0.02305049287628132
2023-04-04,125.13887023925781,125.72499180745125,117.42147622311826,118.00761269738143,39989705,0.060430474387124455,125.59311561584472,133.0653025817871,46.95653044963623,0.38613840966220825,0.027643512601128243
2023-04-05,122.4035873413086,126.79956602942053,122.4035873413086,125.13886595068098,33760757,-0.02185797980051707,124.87022094726562,132.49284820556642,42.73684179373144,-0.1557637897053754,0.02791640995097008
2023-04-06,124.25965881347656,125.04116910157519,122.30589054626445,122.50127184480634,29018380,0.015163538197557225,124.2205924987793,131.99072967529298,50.800901876920534,-0.1404701026105546,0.028237147242126295
2023-04-07,124.45504760742188,126.5065029209382,123.47816341498219,124.65042146469584,21950999,0.0015724233899483409,123.66865310668945,131.52573272705078,51.494254318126124,-0.2435484337857592,0.028199719633656167
2023-04-10,130.41403198242188,130.7071002040456,125.13886361747059,125.2365430872992,46283257,0.047880616251073205,123.55631103515626,131.2092221069336,60.126576855788855,1.108480666415228,0.03013981899743176
2023-04-11,129.92559814453125,131.19555058129328,129.14408780605694,130.21866638471786,34865875,-0.003745255249499979,123.59050216674805,130.84191345214845,55.80865777900174,-0.24668492971443212,0.029561719893816233
2023-04-12,130.31634521484375,132.85625007577923,129.82790311897693,130.31634521484375,39282413,0.003007467934670105,123.71261253356934,130.51368041992188,54.67290171550214,0.12667222606631845,0.029445282081677505
2023-04-13,133.9308319091797,135.00539560260123,131.09785874055157,131.1955531245309,38333237,0.027736249726594053,123.95194969177246,130.2655520629883,59.56045732870643,-0.024162874108573762,0.02998246545072201
2023-04-14,131.29322814941406,134.22388069655338,131.09785429415203,134.12620122195722,25199700,-0.019693775676344782,124.33781852722169,130.0623599243164,60.088679854641924,-0.34261486970171606,0.028540087786776993
2023-04-17,132.56317138671875,133.05161344408032,130.12096109991086,131.48860780416445,31052390,0.009672572265947199,124.80672225952148,130.02523803710938,70.12342184128656,0.23225236808374694,0.028528664703226833
2023-04-18,133.05162048339844,134.4192672600097,132.17243069606005,132.85624663133095,25810585,0.0036846515632518173,125.40750579833984,130.13074142456054,66.20108928745172,-0.16880520307776636,0.028078041952269157
2023-04-19,131.5863037109375,133.73544605060488,130.70711386027784,133.05163006608396,20011408,-0.011013144876681702,125.73964653015136,130.13269515991212,68.49710017150227,-0.22468212169542068,0.02753695435545501
2023-04-20,130.90248107910156,131.48861755382396,130.2186651293053,131.29322879153665,6183892,-0.005196761460357857,125.96433029174804,129.96271713256837,74.29465879700766,-0.6909816640588209,0.027513061015948845
2023-04-24,133.14930725097656,133.73542877367333,131.29321849726534,131.58628671164803,27222826,0.017164122126281933,126.35019950866699,129.89238143920898,74.29464621037442,3.4022156273104383,0.02760773670892925
2023-04-25,130.60940551757812,134.0284999808973,130.5117260479818,133.4423784451125,24125596,-0.01907559104765688,126.76049041748047,130.019376373291,60.29408386710725,-0.1137732724736219,0.027364318028672334
2023-04-26,126.99493408203125,130.90247051532452,125.82267613325698,130.5117228344226,30837444,-0.02767389853145319,127.27823829650879,130.31244140625,58.36297260827936,0.2782044431151047,0.025769502342869018
2023-04-27,127.77645111083984,130.21866151087093,126.6041931000388,126.70187257239844,31511675,0.006153922866748207,127.58107223510743,130.1346485900879,56.666679201108664,0.02186403646164714,0.02409470477496142
2023-04-28,124.8458023071289,128.65564468093783,122.79433954826577,128.3625764430903,26119214,-0.022935750509839536,127.86925315856934,129.8962887573242,50.671142610564836,-0.17112581289315787,0.024163690388416096
2023-05-02,123.38047790527344,127.38569419669592,122.98972273319674,125.33424631262197,32713824,-0.011737073852516655,128.2502384185791,129.60322357177733,35.71431670604686,0.2524811810952656,0.023345541649464792
2023-05-03,126.21343231201172,126.31112669184915,121.23132451472819,123.96660318341138,38647046,0.022961123630217406,128.66052932739257,129.36681747436523,43.11593351943214,0.18136742436469677,0.023486438890813883
2023-05-04,124.74810791015625,127.0926389065725,124.35736019712176,125.04117614796701,33116824,-0.011609892663667076,128.6409912109375,129.1753480529785,40.06969608241184,-0.14309559390386528,0.01950219667898637
2023-05-05,122.59896087646484,125.82268155403194,121.32900849971792,124.94348432805596,19374553,-0.017227892828957536,128.6507598876953,128.9623873901367,28.67644419764055,-0.4149634336915883,0.01925469607745302
2023-05-08,129.730224609375,130.02329285029117,121.91515101731711,123.67353810370915,27428729,0.0581674076348484,128.92428817749024,128.88814422607422,47.48429418381331,0.41570899726047883,0.023036917752981296
2023-05-09,125.82269287109375,130.21867194333333,125.62731900465276,128.94871945236113,29954131,-0.030120442248882662,128.99267044067383,128.76701080322266,40.00003169246357,0.09207141898554605,0.024159834503282098
2023-05-10,123.8689193725586,126.89725144479335,123.77122499026363,126.31112986923337,22097003,-0.015527989855826818,128.66541481018066,128.4426853942871,36.94445643654205,-0.2623053227616585,0.021693764004713092
2023-05-11,133.14930725097656,135.10307547210294,123.38046614534466,123.38046614534466,58902189,0.07492103689469909,128.82660026550292,128.30005996704102,51.81816923193252,1.6656189076862598,0.02772163694944668
2023-05-12,129.53485107421875,134.32157769887806,128.36257810762712,133.54006735650697,41142039,-0.027145887961285697,128.78752555847169,128.0089488220215,48.510645934564735,-0.30151935439954536,0.02845045699951992
2023-05-15,121.5243911743164,132.85624595646695,120.54750701287179,126.60419328564919,55104300,-0.06184019075540248,128.1672035217285,127.66508575439452,38.75236604679846,0.3393672588760124,0.03081892573167376
2023-05-16,132.758544921875,133.24698697810865,122.69664303528268,122.79432995592254,52593843,0.09244361266903334,128.24046936035157,127.61037994384766,51.77993130799158,-0.045558277666171265,0.03739067378606483
2023-05-17,133.9308319091797,134.9077161246921,131.5863008483078,132.75855892570866,47721007,0.008830218710174531,128.3088523864746,127.50683074951172,55.98652688696019,-0.09265031269915003,0.03738110478328102
2023-05-18,129.53485107421875,135.59153014197236,128.36257810762712,134.12620383980277,42944884,-0.032822769576626776,128.1330139160156,127.34271423339844,51.42857851240693,-0.10008428782737133,0.038135138414122624
2023-05-22,132.36781311035156,134.71232929895547,129.33946603617366,130.60941851586344,42769028,0.021870268986603714,128.17208938598634,127.25284088134765,56.12082965031263,-0.004094923157785257,0.03837359879042086
2023-05-23,131.29322814941406,132.85624880364958,129.92559625651023,132.3678067124597,22399046,-0.008118174167020875,128.19162673950194,127.13366088867187,56.479989843346615,-0.476278815595248,0.038403896148018354
2023-05-24,129.730224609375,132.46550334780926,129.0464086512839,131.39092476647332,21555514,-0.011904677507512673,128.0206726074219,127.018388671875,52.941183977246055,-0.0376592824533688,0.038303267446281195
2023-05-25,131.00018310546875,132.9539515938064,129.5348567392155,130.02329886129993,28108769,0.009789226064455425,128.04021148681642,126.98517486572266,55.24591406470254,0.30401757063181134,0.03811459774430054
2023-05-26,139.0106201171875,140.28057251707156,131.39092062395255,131.58629447638023,56003626,0.06114828866513511,128.64099578857423,127.1805517578125,62.53731717338913,0.9923898481644642,0.0397586261305114
2023-05-29,142.62509155273438,145.16499640582742,141.25745965095797,144.18811221711005,62138937,0.02600140501855064,129.38342781066893,127.47557083129882,60.410092694243026,0.10955203150595993,0.04002876732092814
2023-05-30,143.6019744873047,145.36036899285295,142.72278468756537,144.09041657739758,64369356,0.0068493062751804334,130.32123641967775,127.76472854614258,65.06621758718221,0.03589406429659392,0.03943516545585601
2023-05-31,140.4759521484375,145.94649477180832,140.4759521484375,143.89504687782053,56899514,-0.021768658474424774,131.17601013183594,128.10273056030275,63.79870667058008,-0.11604655482338522,0.039758490258213375
2023-06-01,143.6019744873047,145.16499513802975,141.45283227211,141.6482061269332,41558731,0.02225307813229116,132.0454372406006,128.51106811523437,59.67451096144042,-0.26961184589379794,0.03974407196710963
2023-06-02,146.6303253173828,147.70488900059254,143.9927260357088,147.41182075750987,47014462,0.021088504116256734,133.13954811096193,129.0229556274414,65.99634089996613,0.13127761287995066,0.03960146245854508
2023-06-05,160.69744873046875,161.0881964427654,150.04941705665283,150.92860686235514,81756532,0.09593597629028983,135.04447250366212,129.73803482055663,82.92282906119149,0.7389655974368057,0.04356612775362932
2023-06-06,161.57662963867188,161.96739223552024,156.98527719470326,160.2089978148749,58022550,0.005471032148604449,136.63679275512695,130.4413912963867,79.32406079012253,-0.290300743187101,0.04236323982753065
2023-06-07,168.5125274658203,170.75936414657863,166.558759031434,168.31715360359573,58786669,0.042926367771495944,138.7712844848633,131.30300338745118,81.49466479006021,0.013169345366585983,0.04169632618390125
2023-06-08,167.63333129882812,169.00096318879514,164.70267875798197,167.63333129882812,43644443,-0.005217393509040491,140.95950508117676,132.20759826660156,87.07225045939015,-0.25757924811150634,0.04135458680755063
2023-06-09,172.81080627441406,173.98307922066164,167.14488992920943,168.3171479693873,71672679,0.030885713094589873,142.94258003234864,133.33101486206056,87.63636849013875,0.6421948379545135,0.03916893542619379
2023-06-12,179.06288146972656,181.50509203285412,173.4946443670098,174.17846034347144,64378620,0.03617872822944035,145.41898155212402,134.47787704467774,90.54729087390913,-0.10176902973028257,0.0382301685515549
2023-06-13,173.6900177001953,179.25825478590025,172.32237084538008,179.062880922661,46880498,-0.030005458001297836,148.02726287841796,135.57003372192383,85.04673670298891,-0.2718002032351734,0.03532736772260327
2023-06-14,178.672119140625,178.7698135257448,173.2992558925835,173.59232414187255,69548935,0.028683867423108023,150.32294158935548,136.82826065063477,85.88235672453365,0.48353660833551726,0.030913223767235893
2023-06-15,178.76980590820312,180.23513218613923,177.30447963026705,179.4536218566927,40673484,0.0005467376110384059,152.56489028930665,138.04350448608398,83.97329551884788,-0.41518178531418204,0.03106106824172379
2023-06-16,176.52297973632812,181.89584307305464,176.327605868934,179.1605642113252,46716947,-0.0125682643132069,154.9142967224121,139.07118667602538,79.65813599798356,0.1485848372369576,0.029721436067797015
2023-06-19,169.97784423828125,177.5975436853491,169.00096007599228,176.81603337430406,39071945,-0.03707809321949651,156.7947982788086,140.02267181396485,71.02803715579444,-0.16364515429486437,0.031948363228870846
2023-06-20,167.4379425048828,170.27091557078364,166.65644708566705,169.48940524549826,37919228,-0.014942545864023993,158.60203399658204,140.88623748779298,71.69810162286845,-0.029502421750440155,0.03222167406917116
2023-06-21,165.4841766357422,169.78247603647944,164.2142391073654,168.12177588654296,35136250,-0.011668596973375078,160.38973159790038,141.70682006835938,67.94871281398659,-0.07339226420959832,0.03221222262693451
2023-06-22,176.13223266601562,177.59755903610548,165.3865059520233,165.87494807538658,71946773,0.06434485910826115,162.64633407592774,142.62118408203125,71.50997011535327,1.0476508733857481,0.0341991407807961
2023-06-23,180.4304962158203,181.99351678959198,177.3044699743459,179.55130645936683,48579888,0.02440361701401428,164.7173278808594,143.63128204345702,66.77739812131023,-0.3247801676942481,0.0325629809194816
2023-06-26,186.58486938476562,187.07331145121788,181.2120066537907,181.70044872024295,47101857,0.03410938448888268,166.91531677246093,144.75665252685548,69.5121939604513,-0.030424751082176238,0.03277507094793597
2023-06-27,189.2224578857422,189.2224578857422,184.82647918723262,186.09643157023814,17673580,0.01413613284760773,169.19634094238282,145.86248504638672,67.32025042814229,-0.624779549562133,0.03273161956112039
2023-07-03,205.63412475585938,207.0017566777934,196.54909868566918,198.79593533404935,61090558,0.08673213028459337,172.4542495727539,147.34930297851562,75.22697408806194,2.45660347252792,0.03531367412499716
2023-07-04,203.2895965576172,206.61099668852756,202.6057657311923,205.63411254342816,40303647,-0.01140145489483202,175.43863067626953,148.7638314819336,71.02425371013518,-0.34026389151659087,0.03598659401399307
2023-07-05,211.49542236328125,211.49542236328125,199.3820646430084,203.58265464037967,71942556,0.04036520286633727,178.68188552856446,150.33270751953125,71.78476498578327,0.7850135497663524,0.036326596519731656
2023-07-06,211.59310913085938,215.50064566213234,210.51853062233172,211.49541475514997,50431804,0.0004618859665450614,181.22666854858397,151.93284362792969,77.4011167312677,-0.29899899580993483,0.03167192879254397
2023-07-07,210.22547912597656,213.15613175758236,209.63935754329745,211.20236333651184,32098197,-0.006463490283310724,183.65911102294922,153.5193035888672,74.06855276588959,-0.363532643012334,0.031958521513773354
2023-07-10,209.6393585205078,212.66769064364132,208.0763378139375,211.4954325667487,40701951,-0.002788056937273131,185.7154525756836,155.0491046142578,73.37279118263793,0.2680447752252253,0.031389524335770906
2023-07-11,210.3231658935547,213.25381841904016,209.63934995215533,213.05844456522172,34849197,0.0032618272535878123,187.8499443054199,156.64337982177733,76.21211859446854,-0.14379541658826134,0.031209507296564853
2023-07-12,206.0248565673828,210.61622389238065,206.0248565673828,210.5185295171841,32285246,-0.020436689928618024,189.51064682006836,158.22397827148438,78.96388135482252,-0.0735727425799797,0.031669346285496454
2023-07-13,204.65724182128906,208.76015251859255,203.77805199546336,206.1225681350453,34627744,-0.006638105561046492,190.79036483764648,159.76159408569336,80.48002207273807,0.07255630017500869,0.03119998841163442
2023-07-14,208.5647735595703,209.73703160070525,206.3179369521877,206.41563133314466,38801470,0.019093053847043295,192.53410263061522,161.4359735107422,84.18606475873489,0.12053127111024042,0.030032133708998487
2023-07-17,213.7422637939453,213.93763765076858,209.73703265175413,211.00698508021011,45566657,0.024824375401516274,194.28760986328126,163.24320922851564,82.68252768150536,0.174353884015219,0.02991527868629041
2023-07-18,209.05320739746094,215.8913964244807,208.56476532410238,214.23069635627544,48487861,-0.021937899941982364,195.80177993774413,164.90000473022462,74.70489536277312,0.06410836766015104,0.03067882922810101
2023-07-19,218.4313201904297,219.11513617146787,208.17403575664608,208.95553121722088,56918137,0.044859932596674756,197.8971969604492,166.77366897583008,76.03835197110777,0.17386363980873476,0.03130491834627773
2023-07-20,219.9943084716797,221.94807677943186,217.35672423742812,219.40818692299558,51944233,0.007155513595245244,200.39802017211915,168.72157592773436,75.60975857542842,-0.08738697824913,0.029209845385276698
2023-07-21,218.4313201904297,220.28739426840048,216.96599384274631,219.9943260176497,33459394,-0.007104675989611842,202.94768905639648,170.49559783935547,64.1468969591181,-0.35585931165833173,0.02886043646586255
2023-07-24,216.67291259765625,221.55733346367163,215.50065457102647,219.11512303066394,44528021,-0.008050162363348101,205.5071258544922,172.3126022338867,64.98907463733366,0.3308077546174326,0.02870351769280525
2023-07-25,212.27694702148438,217.94287855968682,212.27694702148438,216.86829993989878,53508469,-0.020288487026224766,207.31436157226562,174.08076278686522,50.95696014839626,0.20168082475527038,0.02707477367704491
2023-07-26,218.9197540283203,218.9197540283203,210.81161222985108,211.98387028245713,31818406,0.03129311543265989,209.23882446289062,175.7961717224121,57.73198167225386,-0.405357570593171,0.02731426701697726
2023-07-27,223.21803283691406,223.41340668969306,217.35672781712637,219.7989382420379,41664031,0.01963403817838061,211.07048263549805,177.66983535766602,62.912630016481245,0.3094317484037383,0.02683095537711494
2023-07-28,229.5677947998047,232.10769976852856,223.12035289831815,223.90186326608477,52651752,0.028446456059980862,213.08774948120117,179.8307034301758,67.77004404039613,0.2637219859979463,0.02715457609746202
2023-07-31,228.8839569091797,231.13079341166673,227.22325685293066,230.34928311870573,39359023,-0.002978805852194344,214.2502410888672,181.75321166992188,66.55051553685769,-0.25246508416282143,0.020387577710897126
2023-08-01,225.66024780273438,229.66547894261342,225.36717956463377,227.0278797057776,28560161,-0.014084469483916062,215.36877365112304,183.58779998779298,67.85082614648546,-0.27436814170920854,0.020513533833041518
2023-08-02,231.03311157226562,233.57301643569946,224.97643255877327,225.6602485124455,39485338,0.023809527029448496,216.34565811157228,185.6177651977539,72.35099264961637,0.38253205225278664,0.019329512597128905
2023-08-03,229.5677947998047,232.88919523022474,228.590910566614,231.521563266186,33328000,-0.006342453523172087,217.24439239501953,187.56176483154297,68.56650714089164,-0.15593985797968857,0.019465646266413963
2023-08-04,243.0487823486328,245.39329837367214,229.47008356091112,230.05622002020561,61516392,0.058723339484897163,218.88555755615235,189.79687591552735,72.59036583879832,0.8457870859337493,0.02275463115375155
2023-08-07,260.7303771972656,262.8795342811744,244.12334642276286,244.2210408015112,61178808,0.07274916038571244,221.44010848999022,192.41687896728516,83.18696977957961,-0.00548770805674037,0.02685300851010579
2023-08-08,255.74827575683594,263.56334948278527,252.62226415374042,261.51191647943585,52411230,-0.019108250806772253,223.71136398315429,194.9118408203125,75.3989506436966,-0.1433107032748987,0.027659204431676854
2023-08-09,253.9898681640625,258.09279334387526,246.76093172489738,251.93840557415612,55718464,-0.006875540363155075,226.10961456298827,197.21142578125,73.07692865430737,0.06310162917374762,0.027028142855686693
2023-08-10,252.52456665039062,263.46568165642407,251.54768244671408,257.6043764343647,57110921,-0.005769133722788422,228.50298080444335,199.40941528320312,73.17397477796666,0.024990943756094897,0.026999218332014466
2023-08-11,259.5581359863281,259.5581359863281,251.15692615890725,253.1106944996033,51008545,0.02785301022088338,231.05264892578126,201.7285385131836,77.19952664261169,-0.10685129732017451,0.02720932212587145
2023-08-14,255.35752868652344,261.21883399598676,254.38064446827954,260.8280862711173,39002877,-0.0161836857235943,233.13341217041017,204.0261700439453,77.39130856599003,-0.2353658195896393,0.027680768609578552
2023-08-15,253.69683837890625,258.97200709053243,250.375408252938,256.72515554578104,39233281,-0.00650339277701828,235.36559371948243,206.22806732177733,73.60744466704936,0.005907359090458808,0.026970365384352595
2023-08-16,248.6170196533203,254.47832463532393,248.6170196533203,253.9898825534903,29171522,-0.020023184987425946,236.87487869262696,208.26780120849608,67.06036766927558,-0.2564597898401615,0.026461800326144508
2023-08-17,256.0413513183594,256.0413513183594,247.34707311234519,249.00777324866303,37914675,0.02986252379419474,238.67723083496094,210.1746792602539,67.52910638051952,0.2997153525277152,0.026959506429684737
2023-08-18,245.5886688232422,257.5066673526527,244.12334260137064,256.9205309014764,34995727,-0.04082419672172566,240.03509826660155,211.8549200439453,59.793810743884464,-0.07698728790369425,0.028932873442149672
2023-08-21,253.01300048828125,253.5991369537707,242.75571668470226,244.61179064863637,47451035,0.03023075820482002,241.85210266113282,213.54492950439453,65.28383795460421,0.3559093943097682,0.029200868355070055
2023-08-22,249.00778198242188,257.6043810149188,247.34708178785624,253.50145536166565,47241792,-0.015830089750842213,243.6886444091797,215.1724185180664,60.19955661781335,-0.004409661454170655,0.028988337282012198
2023-08-23,234.1591339111328,250.27773771467307,233.96376005722587,249.49621248690616,44675396,-0.05963126113198047,244.45061340332032,216.39938507080078,52.261781486853465,-0.05432469623506242,0.03216541270593272
2023-08-24,225.1717987060547,244.41641366197433,223.9995406961741,234.64757206952078,57986866,-0.03838131383116994,244.54830169677734,217.32156341552735,40.78550062793993,0.297959753954951,0.03326497773295259
2023-08-25,232.49844360351562,233.67070168248736,222.04578546473968,226.63713830258666,35698953,0.03253802181073895,244.6948341369629,218.49773193359374,33.70915463715649,-0.3843614000453137,0.033454973854981036
2023-08-28,250.0823516845703,251.05923587083817,234.25683084824504,234.45220470428467,49130901,0.07563021845875606,245.75475387573243,219.92593658447265,47.14567319533139,0.37625607675384765,0.03733556564489737
2023-08-29,242.16958618164062,250.08235413022007,240.4112065540184,250.08235413022007,28511450,-0.03164063937190609,246.58022079467773,221.1939321899414,44.392966986388586,-0.41968395816718285,0.03801044379401021
2023-08-31,239.3366241455078,246.95632373217057,239.3366241455078,243.439534721074,24648940,-0.011698256914920546,246.99539642333986,222.450205078125,43.8243380608728,-0.13547224010003,0.03787602362509979
2023-09-01,248.1285858154297,249.59391210961527,236.11290722189372,239.43432243235637,46448045,0.036734710792012626,247.9234359741211,224.01321990966798,44.73447459891375,0.8843830606914536,0.03856886439164207
2023-09-04,246.85862731933594,252.62225287862165,245.88174314719288,249.7892798357651,37823008,-0.005118146673509072,248.11392822265626,225.60163360595703,45.97594688617483,-0.18569214269405743,0.0364359341666002
2023-09-05,246.17481994628906,248.51933607858763,243.3418617109225,246.76095643239873,24835817,-0.0027700363583497145,247.38615036010742,227.21544647216797,46.40522656575072,-0.34336748150755225,0.03233507396151735
2023-09-06,239.3366241455078,246.85862935172412,239.3366241455078,246.66325549690092,27519630,-0.027777803604256635,246.56556777954103,228.4795343017578,45.6382047935283,0.108062199041006,0.03262798202404387
2023-09-07,238.9458770751953,241.77883524288612,237.28516203958034,239.33662478588727,25076190,-0.00163262547764087,245.81336822509766,229.6498419189453,41.39626693321263,-0.08878898444492167,0.03261464827830939
2023-09-08,237.67593383789062,243.8303074084884,237.67593383789062,239.43432841607145,28726045,-0.005314773591615696,245.07093658447266,230.6716632080078,45.6121501123597,0.1455506199306993,0.03261244371643162
2023-09-11,229.07933044433594,238.94586620415285,227.32093601408246,238.5551036051693,29232673,-0.03616943143859952,243.54699630737304,231.4688006591797,36.89839563258973,0.017636538548902125,0.03261591944635432
2023-09-12,230.54466247558594,237.5782254682035,227.41863613509693,229.56777831255377,34852007,0.006396613908412174,242.30635299682618,231.96701141357423,39.6039603960396,0.19222785408641907,0.032625649925551815
2023-09-13,226.3440704345703,232.79151223879458,225.46488060038985,231.0331176643634,24853678,-0.018220296214667142,240.93871459960937,232.42810089111327,45.000007809925165,-0.2868795762608449,0.03276659397645349
2023-09-14,232.98687744140625,233.18225129662116,221.75270934674725,226.44175640225362,33873296,0.029348270507294716,240.15720748901367,232.8579299926758,55.15464156164699,0.3629087815493546,0.03344244215564532
2023-09-15,221.85040283203125,230.54466605559844,221.85040283203125,230.54466605559844,37299425,-0.04779872039006017,238.44766006469726,233.06307586669922,43.31288122508729,0.10114542735965237,0.03396552089529943
2023-09-18,213.05845642089844,223.31574083086605,211.49543569123713,221.9480939658948,39413834,-0.03963006737377628,236.82114944458007,233.11973541259766,23.86207731591837,0.05668744223268862,0.03390317910705262
2023-09-19,213.54689025878906,217.64980088253722,209.63935349215848,213.25382202007782,40500873,0.0022924874520151572,234.84784393310548,233.19788604736328,27.426812294778756,0.027580138486400507,0.0328682892378569
2023-09-20,218.13824462890625,222.9249712418195,216.37985008940365,220.97120284372102,48974336,0.021500450624933443,233.3043670654297,233.3541876220703,33.73313459189899,0.20921679885764433,0.03345106314673217
2023-09-21,227.2232666015625,227.51631993118545,213.25381982353161,216.86828831422136,45213499,0.04164800165194116,232.95757369995118,233.77815582275392,34.02984698831611,-0.07679199570975292,0.03256995876607578
2023-09-22,220.87351989746094,228.49320460548114,220.87351989746094,227.61401480257717,28616390,-0.027944967076086846,232.74265975952147,234.10248138427735,31.578947368421055,-0.3670830474765955,0.03201852336123305
2023-09-25,227.12557983398438,227.80939580280815,220.97120630243012,221.75271665511593,46696833,0.028306063757330024,232.47401657104493,234.47369750976563,37.483951547559066,0.6318212395064506,0.03180207849346963
2023-09-26,222.24114990234375,231.3261757147304,222.04577604847867,227.12557077931834,48956744,-0.021505415353087365,231.0819564819336,234.6436752319336,38.47166991926036,0.048395380474731464,0.02650942071660253
2023-09-27,225.07411193847656,229.4700908037286,222.631901457781,222.631901457781,45038493,0.01274724342174105,230.2271827697754,234.9640933227539,40.94386972401466,-0.08003495902423574,0.026064462337351636
2023-09-28,237.57823181152344,240.41120490359845,225.56255330419654,225.66024768553592,98226800,0.05555556685464058,230.13926315307617,235.3470315551758,49.944374897380676,1.1809521912733625,0.029090730310672316
2023-09-29,236.8944091796875,243.92797216174682,235.03833523514038,240.31350374516754,52535429,-0.0028783050813275812,229.57755432128906,235.68503356933593,54.88998024221475,-0.4651619619085626,0.027779290640165186
2023-10-02,247.54244995117188,249.30084448978317,235.8198395685231,236.89441814936055,62368841,0.04494846800461083,229.61174545288085,236.2672561645508,59.53947790963123,0.18717677169820002,0.029670130167140887
2023-10-03,241.97421264648438,249.69160674740857,241.29039668971132,247.6401439710195,43106910,-0.02249407043432694,229.40171508789064,236.77328216552735,58.639307962703285,-0.30883900824772426,0.03011099571158446
2023-10-04,232.98687744140625,243.244161353921,232.009993259262,242.26727717177673,37297744,-0.037141706576015565,229.08422775268554,237.18748077392578,50.0,-0.13476182820805294,0.03062696633326638
2023-10-05,235.9175262451172,238.1643628096179,227.51631644952994,234.8429476993783,42592533,0.012578600288112751,228.93281021118165,237.52743621826173,58.314083573448045,0.14196003382939204,0.030773561854810814
2023-10-06,232.88919067382812,237.28516963718027,232.7915111960624,232.98688505766404,30707447,-0.012836416265837869,228.6934730529785,237.720859375,62.577438773359376,-0.27904153998072856,0.0308852612794173
2023-10-09,221.94808959960938,227.80939486142688,221.94808959960938,227.12557889542887,30457825,-0.04697985785670178,228.3369110107422,237.5684652709961,54.704592493549114,-0.008129037884523571,0.031626862923990154
2023-10-10,232.59613037109375,232.98687808259896,224.8787363672736,225.8556205521063,32999877,0.04797536572940664,228.4394844055176,237.64270874023438,57.581966622805176,0.08346137650997743,0.033459411912491625
2023-10-11,224.7810516357422,231.91229409339513,224.09722079749548,231.6192407696544,24968905,-0.03359934975222101,228.36133346557617,237.62512481689453,48.70197077773729,-0.2433636949616509,0.03409442622869509
2023-10-12,219.89663696289062,229.56778447405037,213.6445692080406,228.2001525715265,37192253,-0.021729654867736592,227.7068214416504,237.40239532470704,49.472574552259694,0.4895428133512463,0.0337073133970066
2023-10-13,217.06365966796875,219.01742800864545,214.32838100980746,218.6266803029379,28481746,-0.012883222472383493,227.46748428344728,237.15231262207033,44.3592490563933,-0.23420218721355757,0.03209511903415197
2023-10-16,217.8451690673828,223.02265812957037,216.86828490116136,222.72958989849005,31816534,0.003600369590236685,227.7068199157715,236.6482403564453,47.416761518565295,0.11708509724087834,0.030756254023883572
2023-10-17,219.89663696289062,220.67813238943583,214.9145216352812,218.52899015429696,33803978,0.009417091525556254,228.02430725097656,235.83156555175782,46.92932388854268,0.06246576072679688,0.030806428043232477
2023-10-18,211.49542236328125,216.18446935070185,211.10467465852514,214.6214487195385,29175980,-0.03820528915604626,227.69216613769532,234.94650848388673,33.73934791984907,-0.13690690486190704,0.0316887819450737
2023-10-19,208.66246032714844,215.9890914495052,208.07632387493223,211.59311277609115,40254773,-0.013394909471216354,226.7641258239746,234.03996032714844,32.85884566161921,0.3797230804243765,0.030135545101401408
2023-10-20,202.31271362304688,206.31792969827805,200.45662479261068,205.53641939630856,35360831,-0.03043070945366122,225.8360855102539,233.03572326660156,21.026292567023617,-0.121574204380683,0.03024519218955067
2023-10-23,208.76014709472656,210.2254733704117,203.19191022833704,207.00175258269047,40027784,0.03186865202990985,224.917813873291,232.01976348876954,28.960400393975917,0.1319808632325412,0.0304549116075983
2023-10-24,212.96075439453125,213.93763858900158,206.9040753700292,208.76014937709488,45914271,0.02012169160763544,224.45379409790038,231.1718280029297,36.495395746050484,0.14706002710517274,0.030601089178466285
2023-10-25,198.3074951171875,219.01743743885217,198.3074951171875,214.62145848305244,50988232,-0.06880732235854647,223.11546325683594,230.0640411376953,28.10012696680826,0.11050945358579245,0.033838760656862824
2023-10-26,209.2485809326172,210.42083892571054,198.60054971175464,200.261249777476,51300520,0.055172326234891766,221.69898071289063,229.27667236328125,37.395829011434216,0.006124707363848181,0.03380229719965251
2023-10-27,212.17922973632812,212.86304564508802,203.48496695480483,209.24857735072672,43258407,0.014005585082819128,220.46322174072264,228.3994299316406,44.305229697216824,-0.1567647462442876,0.034088331667734485
2023-10-30,213.83993530273438,215.98909236593312,210.8116033696194,212.0815557507634,35750031,0.007826899779351582,218.7780960083008,227.76445526123047,37.78624968154183,-0.17357033050246162,0.032186506987756054
2023-10-31,212.27694702148438,218.72437402200126,211.4954366530995,215.50066797477805,40007635,-0.0073091505524319755,217.2932327270508,226.94973419189452,41.13574111360938,0.1190937149117437,0.031975140354109644
2023-11-01,213.05845642089844,215.5983464740101,205.82950417880284,215.20759874462996,45713513,0.003681555677051307,216.29681167602538,226.23074768066405,44.85294708796483,0.14261972745952112,0.031178136707661754
2023-11-02,217.8451690673828,222.92496375052045,213.6445641714167,214.42607448560776,76584578,0.02246666350115767,215.39319381713867,225.90446838378907,50.571430420310456,0.6753159618251172,0.03153120602614542
2023-11-03,220.48275756835938,221.45964175333754,214.13301036600126,217.94286763105796,46763173,0.012107629066406833,214.77287216186522,225.81068756103517,51.87760978277092,-0.3893917780679029,0.031635706212655657
2023-11-06,220.97120666503906,223.70648545089284,220.58045894109006,222.33885351100105,34519493,0.002215361881657607,214.72402801513672,225.58014282226563,50.782359728387654,-0.2618231230802067,0.029836556100185308
2023-11-07,220.7758331298828,222.8272959488275,220.38508540535534,220.7758331298828,31914130,-0.0008841583394727515,214.13301315307618,224.99401245117187,57.673684000685355,-0.07547512357727848,0.027638641193485098
2023-11-08,223.3157196044922,225.75792994615958,222.04576724561136,222.72958316006444,39512506,0.011504368202814863,214.05974655151368,224.61693511962892,62.175336118877375,0.2380881446556744,0.026771544341046997
2023-11-09,224.8787384033203,225.1718066426375,219.70124919561619,221.45964372544947,33945876,0.0069991436411029895,214.30885162353516,224.32777740478517,70.3703948577283,-0.14088273722755018,0.0263100455380411
2023-11-10,223.80418395996094,226.344074024584,222.92497920576528,224.9764420594847,31799444,-0.004778372784323248,214.64587783813477,223.84128936767578,65.03910766551735,-0.06323100926899039,0.02613946354900529
2023-11-13,226.83250427246094,234.4522038797673,223.41340963254765,225.66024623427603,57548027,0.01353111572320631,215.09524459838866,223.44076690673828,64.20002580405723,0.8097180252585547,0.026268288892944972
2023-11-14,231.61924743652344,232.40074286375227,227.51632191322307,227.61401629466155,38012987,0.02110254515513743,215.6813751220703,223.14965545654297,92.73193485056382,-0.33945629447904446,0.026561940815701738
2023-11-15,230.15391540527344,232.79149967149456,229.37240509148623,232.40073706156625,35954817,-0.00632646918366131,216.61429977416992,222.96600128173827,85.43057112947339,-0.05414386404309668,0.02486525507881172
2023-11-16,238.65281677246094,238.65281677246094,229.9585383128872,230.25160655868322,43097450,0.03692703359932836,218.11381759643555,222.9601400756836,87.74383221376351,0.19865580180814169,0.02549367645204357
2023-11-17,248.372802734375,249.34968691425453,238.26204551019381,238.5551137453716,48829864,0.04072856165440286,220.41682205200195,223.17407745361328,90.03405594004796,0.1330105145432039,0.024947231692712173
2023-11-20,248.8612518310547,254.47833602351227,248.37280972736272,251.05924129766854,36869621,0.0019665965488260273,222.42187728881837,223.56971588134766,93.49596622770177,-0.24493705327542992,0.02449796547641911
2023-11-21,262.2934265136719,263.026089716224,248.37282566518093,250.08237313780262,71142665,0.05397455242142701,224.88851089477538,224.20469116210938,95.0000264979796,0.9295740794297831,0.02639472748892147
2023-11-22,255.9436492919922,262.5376173558126,254.47832305558765,262.2933963164118,34890343,-0.024208678448709442,227.77031860351562,224.79668273925782,83.85414858813932,-0.5095721674188056,0.02055200731297139
2023-11-23,254.72256469726562,261.5607543535681,253.50145940149736,256.1878910521876,62103119,-0.004770911871048167,230.04401779174805,225.231396484375,81.21105468367502,0.77995151839006,0.018334853735265694
2023-11-24,253.7456512451172,257.4089667106386,253.0129881520129,254.966756400291,33551323,-0.003835205778920603,232.1223388671875,225.8693014526367,79.61161862977681,-0.4597481810857197,0.01856422642733396
2023-11-27,254.4783477783203,256.1878952202092,251.30347395766947,254.7225688414473,40747337,0.0028875235087095774,234.1542594909668,226.69769927978516,80.15731797564726,0.214477801665228,0.01861548270475359
2023-11-28,254.96678161621094,258.14165533365417,253.74567634027125,255.45522372658684,35398274,0.0019193532265311397,236.28875122070312,227.5260971069336,79.40106577736603,-0.1312739284042047,0.018304358216229236
2023-11-29,249.10546875,256.18787913602944,249.10546875,255.45521599264708,34628011,-0.022988535326275095,238.0911018371582,228.14544158935547,70.84031303726,-0.021759902756840588,0.019661050560606415
2023-11-30,245.1979217529297,250.57078458018512,244.12334322505095,249.10545835457,32022797,-0.01568631558623823,239.45873947143554,228.50493469238282,67.54802722055649,-0.07523429514909186,0.02003366778134115
2023-12-01,254.72256469726562,254.72256469726562,247.15171186350221,249.5939224550388,46030936,0.03884471318616356,241.17072982788085,229.1819155883789,70.67339416128569,0.4374427068316362,0.02130599169137403
2023-12-04,255.9436492919922,257.89741760719824,252.5245547403816,255.45520721319068,40460792,0.004793782585291506,242.91935195922852,229.75827697753905,69.0366530960457,-0.12100870597113211,0.021280396817303742
2023-12-05,253.01300048828125,257.1647582183013,250.81501110180002,256.4320950894742,32211363,-0.011450367343819212,244.53121032714844,230.37371398925782,67.48875850831318,-0.20388698767933167,0.021630007776877364
2023-12-06,245.44215393066406,253.7456695860298,245.1979328819768,253.0130064399681,28987606,-0.02992275710341552,245.63753204345704,230.78107482910156,55.269130092492155,-0.1000813594879546,0.02311433531738384
2023-12-07,253.7456512451172,253.7456512451172,243.146452535781,246.41902031407432,34974072,0.0338307710451351,247.08087768554688,231.10442321777344,54.26354899603208,0.20651812364222133,0.023999103885867238
2023-12-08,248.1285858154297,254.96677518829586,246.907480570275,253.2572278450793,28379738,-0.0221365978180309,248.2970977783203,231.32910675048828,49.462363905825,-0.18854922011940733,0.0247247613028385
2023-12-11,240.60658264160156,248.61703014035172,240.60658264160156,248.3728090891333,33288289,-0.030314939929667606,248.98580169677734,231.19038940429687,32.57456515155788,0.1729597010374091,0.025887873220885416
2023-12-12,243.24417114257812,244.95371853012637,239.04356600910268,240.6065867258606,43530492,0.010962245803995296,249.5670478820801,231.21578857421875,39.14859539962705,0.30768186974103706,0.02561806625176155
2023-12-13,235.72215270996094,242.755715738059,235.52677885758283,241.8765259493228,24937896,-0.030923735591625534,249.84545974731446,231.27049407958984,35.34287505464593,-0.4271166059873617,0.026646996485105684
2023-12-14,246.41903686523438,246.90747896011095,236.30827953886126,238.84818439464738,37366429,0.04537920612168844,250.23377075195313,231.4805242919922,45.085201898375146,0.4983793741059792,0.02729702065999534
2023-12-15,247.3959197998047,250.8150144465937,245.68637247641018,246.90747770740626,34025732,0.003964316016317193,250.1849266052246,231.77065887451172,45.26451943065761,-0.08940369977553919,0.025741938588884426
2023-12-18,240.0204315185547,246.90746772412083,239.14124175021394,245.93058357882262,27823031,-0.029812489580338775,249.7428855895996,232.13210571289062,40.84926801543003,-0.1822944176483845,0.02658846577407347
2023-12-19,239.6296844482422,242.4626425145727,236.6013376274868,240.0204321449536,35373848,-0.0016279742013641796,248.6096984863281,232.27277679443358,43.78204449136633,0.27138729062265,0.023173039224285347
2023-12-20,236.3082733154297,240.21580997153316,236.01521999107743,239.33662018633763,25632748,-0.013860599701828291,247.6279296875,232.50332122802735,44.12144340424158,-0.2753757521658373,0.022816851799610245
2023-12-21,239.3366241455078,241.48576636070254,235.42908742476484,236.30827722450414,40500387,0.012815255207065057,246.8586326599121,232.89212097167967,38.86924109982384,0.580025169365376,0.023111884947169443
2023-12-22,227.614013671875,239.43431819837878,227.614013671875,239.336623818066,31862554,-0.048979593137847166,245.55205078125,233.1031280517578,32.20858854552671,-0.21327778917273066,0.025312115169502297
2023-12-25,220.97120666503906,227.02788582267016,218.72436998715668,227.02788582267016,16966698,-0.0291845255908193,243.87669372558594,233.16564880371095,30.77373966695093,-0.46750351525492906,0.025789848638953623
2023-12-26,222.4365234375,227.32094430747617,220.87351770274935,222.14345520408753,24860552,0.006631256599336721,242.25018081665038,233.2164465332031,35.10435469035431,0.4652557616101849,0.025894225220367946
2023-12-27,217.06365966796875,224.19491709265264,216.47753810940742,222.33884313143756,25992461,-0.024154593348699405,240.64809036254883,233.32781127929687,25.31229955288805,0.04553032450767791,0.025934625121086196
2023-12-28,223.70648193359375,225.6602503347605,217.35673462980176,217.35673462980176,25168141,0.030603106368823685,239.57351837158203,233.62869171142577,33.78729492362989,-0.031713811170092754,0.027114244696964735
2023-12-29,223.3157196044922,225.66023557006528,222.63188878397014,223.70646729673138,17712965,-0.001746763552508801,238.00317611694337,234.0487518310547,37.320914436810554,-0.29621480585316173,0.025169995139602767
2024-01-02,230.93540954589844,232.30305631403942,228.1024514432917,228.1024514432917,25232547,0.03412070567580838,236.75276412963868,234.49225708007813,41.58877422979445,0.42452418327479324,0.02665793619208965
2024-01-03,224.7810516357422,230.54466222904045,224.39028902730558,230.44696785041396,19679997,-0.02664969361891234,235.3411666870117,234.72866302490235,42.38095440490485,-0.2200550741072631,0.02707123948941915
2024-01-04,227.90708923339844,228.88397344365214,224.39030011405714,225.3671843243108,20462665,0.013907033421669324,234.46441345214845,235.32065490722655,35.58936253663538,0.039769721509612,0.02676674381212434
2024-01-05,233.67068481445312,233.67068481445312,227.8093799366354,228.39551638684483,31168225,0.025289233434736325,233.46066513061524,235.8090969848633,40.05660733184777,0.5231752560089313,0.02620436812589032
2024-01-08,236.9921112060547,238.45743749568965,232.20536971627192,233.57301653023978,26271851,0.014214133853542421,232.9038414001465,236.30535461425782,47.669188862127655,-0.15709505433819215,0.026125101624881228
2024-01-09,237.28515625,244.7094818205564,233.86606169362494,238.26204040896428,46260123,0.0012365181374771606,232.7377700805664,236.77425903320312,48.19276598277252,0.7608246560168144,0.025261651323307037
2024-01-10,244.12335205078125,246.4190358496679,236.6013468018963,237.28516275069137,46352544,0.028818472713803667,232.78172912597657,237.41118713378907,55.714290495874685,0.001997854610114258,0.02598908572089935
2024-01-11,240.99732971191406,245.68637686389016,239.33662954931646,244.70949266164806,29709135,-0.012805093460362293,233.0454879760742,237.96996459960937,51.212555783626826,-0.3590613926174149,0.025137838849948396
2024-01-12,245.1979217529297,248.8612373169675,236.3082700217703,240.3135010008793,46279706,0.017430035619220297,232.98443222045898,238.51701965332032,64.4230800520562,0.5577601300071511,0.023272394887607423
2024-01-15,247.3959197998047,248.86124607699998,242.95109377776504,245.19793038401176,34978052,0.008964178942306722,232.98443222045898,239.0552828979492,73.37943600014904,-0.2442032367275626,0.023343847736656948
2024-01-16,244.0256805419922,247.64014916596182,242.36498035325698,247.64014916596182,27360566,-0.013622857080827111,233.18469467163087,239.5163723754883,68.47828329884165,-0.21777902325721288,0.02251201932515916
2024-01-17,246.6632537841797,248.86124317433575,242.36496938363567,242.75571709056894,35139204,0.010808588818723264,233.53637313842773,240.03412078857423,76.5789697958374,0.2843010630701135,0.022605145087012092
2024-01-18,244.95370483398438,249.34968358474381,244.95370483398438,248.3727994179084,25838790,-0.0069306997453747465,233.96864471435546,240.46688049316407,70.9336021734921,-0.26467343995612425,0.02240644776265165
2024-01-19,244.46527099609375,247.15170254550137,243.34186012876944,245.68637624582448,25960443,-0.0019939842845881905,234.22507705688477,240.85861114501952,70.7973458516403,0.004708153903491663,0.022275875638135247
2024-01-22,244.46527099609375,250.57079724474744,244.46527099609375,244.70949204603988,31598037,0.0,235.0676399230957,241.27183288574219,65.64975684177048,0.2171609321150645,0.0188930490092035
2024-01-23,243.0487823486328,249.34968220873668,242.26727203826326,247.64013492620862,30067262,-0.005794232619174666,236.1715187072754,241.59615844726562,73.73098459103689,-0.048445256267027004,0.017413250761708327
2024-01-24,245.1979217529297,247.6401321289549,243.43952730097772,243.83028990478326,31268622,0.008842419960015002,237.30958862304686,241.86773193359375,73.04688485140372,0.039955749878389346,0.017431722087804746
2024-01-25,246.41903686523438,249.10546838705557,245.1979316280429,247.15170000754924,30064045,0.004980120155892331,238.77735748291016,242.19303436279296,69.33336727279459,-0.038523507687674874,0.016025373244730853
2024-01-26,253.9898681640625,253.9898681640625,246.6632373516376,246.90745837871845,45530116,0.03072340268486884,240.2915267944336,242.499775390625,72.83464776756632,0.5144374617587222,0.01603492224644531
2024-01-29,267.6662902832031,270.8411641642995,256.43212116547744,256.43212116547744,55176466,0.05384632945400192,242.50905532836913,242.88564514160157,80.01934087830625,0.2118674593317531,0.01906436619754108
2024-01-30,265.7124938964844,268.6431464026956,264.24716764337876,268.3989253605113,36212743,-0.007299374099934419,244.24790954589844,243.22266998291016,73.61110184007146,-0.3436922364690772,0.01846289708955852
2024-01-31,266.4451599121094,268.887370360433,260.828075880965,265.7124967776123,37814734,0.002757363814102076,246.33111495971679,243.3057046508789,79.36863429737295,0.04423832240490588,0.016713520553892882
2024-02-01,268.15472412109375,270.84115578350907,266.20095563933717,266.6893977597763,38580216,0.006416195398513791,248.34349670410157,243.54992614746095,78.11003761091295,0.020242956092194175,0.016673836767648647
2024-02-02,274.9928894042969,279.14464705960154,269.86424759480286,270.5969107104449,59160108,0.0255008197435862,250.40960693359375,243.95533264160156,80.34369030358202,0.5334312280677744,0.016685250736051996
2024-02-05,282.5637512207031,283.5406354081558,275.96978295539714,276.9466671428499,48985701,0.027531118469305227,252.68818893432618,244.5316946411133,88.79051444105698,-0.17198087265155093,0.01719152655169233
2024-02-06,284.2733154296875,286.4713049819789,278.90045207964187,282.56376800012754,50979667,0.006050189387700522,255.03759689331054,245.12759399414062,88.57711485145353,0.04070506207515545,0.017111059230060652
2024-02-07,279.3888854980469,285.2501907882157,279.3888854980469,285.2501907882157,29968982,-0.01718216120376148,256.80087356567384,245.61603607177733,83.16082458593493,-0.4121385296612471,0.017425533956302072
2024-02-08,280.12152099609375,285.0059415888765,278.6561948182589,279.3888579071763,50966364,0.0026222786090466244,258.7570831298828,246.23635711669922,84.17596592886832,0.7006371454325675,0.01683839659540128
2024-02-09,287.9366149902344,287.9366149902344,279.6330993755881,281.34264670801525,37115282,0.027898941739109118,260.89401779174807,247.0911309814453,86.23773181714111,-0.27176908284059664,0.0173133821757285
2024-02-12,283.5406494140625,287.2039652979651,282.80798623728197,286.22708106225775,44743345,-0.015267129455977524,262.7012542724609,247.66749267578126,82.15669133769073,0.2055235091572254,0.018088034283748645
2024-02-13,274.7486572265625,285.4943824869792,274.7486572265625,283.78483528645836,36767148,-0.031007872083486654,264.23740310668944,248.04359283447266,71.22803002252107,-0.17826554988233445,0.019494062513265055
2024-02-14,275.96978759765625,278.1677770563987,271.08536657822873,275.2371244447421,43251092,0.0044445362660563426,265.7027297973633,248.50272857666016,71.22803633007491,0.1763515625416472,0.019465509796558714
2024-02-15,277.4350891113281,281.8310676359794,276.21398396559164,277.1908680821808,49608952,0.005309644676786851,267.3267990112305,249.14258728027343,68.46150481883646,0.14699883184452323,0.01923500722262394
2024-02-16,275.96978759765625,279.6331033622269,275.4813454957135,278.1677770563987,29700992,-0.005281601250820445,268.9020248413086,249.58707000732423,58.095212593458704,-0.40129773352196596,0.019324526875032298
2024-02-19,272.0622253417969,280.60996132650325,271.08534122925903,277.4350879607552,42626672,-0.014159384220552074,270.28187255859376,250.06574279785156,55.96328276899372,0.4351935450506166,0.019818776758491405
2024-02-20,274.7486572265625,277.4350885416667,272.3064469401042,273.2833310546875,38737028,0.009874328864988957,271.8668663024902,250.7485842895508,57.5221013857703,-0.09124906584309467,0.019655901098358897
2024-02-21,272.794921875,278.4120062108326,271.3295955265219,275.9697956300358,33090339,-0.007110991446816817,273.24671630859376,251.33959930419923,54.18502057141976,-0.14576980453947064,0.01987110730935814
2024-02-22,278.4120178222656,280.6100074366519,274.26025966175814,274.5044807300233,45275866,0.02059091096218979,274.8463653564453,252.1933966064453,53.153182564761856,0.3682502920263222,0.020152873702555134
2024-02-23,279.8773193359375,281.34264561518324,275.48134049820027,279.3888772428556,36388629,0.005263068473600585,276.14073791503904,252.8625622558594,47.20812118344277,-0.1962908230181616,0.019316539095371506
2024-02-26,278.90045166015625,283.78487288012394,278.1677884771611,281.3426622701401,46586805,-0.003490342404661617,276.7024459838867,253.4926528930664,44.329891594901156,0.2802572199133966,0.01558636927221955
2024-02-27,273.77178955078125,280.85419980677824,273.527568507471,279.8773156335373,44532372,-0.01838886268862816,277.10541076660155,254.16768005371094,44.10254832865859,-0.04409903190399089,0.016128887653893025
2024-02-28,269.6200256347656,276.21399365300715,269.6200256347656,274.50444638901865,38048081,-0.015165053794724659,277.2641540527344,254.7674868774414,39.712929530997854,-0.14560848005132088,0.01655455291396455
2024-02-29,275.2370910644531,275.48131208580577,271.81799676551583,273.03910187227916,31176978,0.02083326494930504,277.61827239990237,255.5460632324219,36.99996126273487,-0.18059000137221115,0.01711977203425026
2024-03-01,271.32958984375,276.21401090304346,270.8411477378207,276.21401090304346,19736903,-0.014196855538587627,277.435107421875,256.18592254638673,37.37371569939162,-0.3669398297679781,0.016472783065978703
2024-03-04,264.2471618652344,272.55067711793123,264.00294082839036,272.06223504424315,23512254,-0.026102674546459093,276.51927795410154,256.91858551025393,38.74344864674605,0.1912838604921958,0.016021631809138924
2024-03-05,259.1185302734375,266.44516166665437,258.1416460876752,264.73561434157045,29667212,-0.019408464240809775,275.26153869628905,257.68153198242186,33.33329308885618,0.2617766038083802,0.016255713835289506
2024-03-06,254.96678161621094,261.07230799590945,254.722560561023,258.14165533365417,35597703,-0.016022584926077554,274.0404335021973,258.3321371459961,28.89907349741756,0.1999005164354506,0.01621008972515551
2024-03-07,266.4451599121094,267.1778230466065,260.5838548361326,261.80496006029443,38380030,0.045019112776723436,273.356615447998,259.31976715087893,42.471027848003544,0.07816029590448581,0.01959978194110853
2024-03-08,272.794921875,273.7718061073187,263.75874272605193,266.689395423008,53605974,0.02383140292353292,272.59953079223635,260.30153594970704,50.55764698012641,0.3967152709364741,0.01928835863114951
2024-03-11,274.2602233886719,279.6330861799014,273.03911820884696,278.41198100007654,32607085,0.0053714398479283165,272.1355094909668,261.32042602539065,49.621217858542565,-0.3917266571819029,0.019121957817437932
2024-03-12,269.131591796875,274.7486758361927,265.95671820943454,274.0160127006295,32599696,-0.018699873895051677,271.8546562194824,262.0843496704102,47.29240452252351,-0.00022660719288458697,0.01830247764450846
2024-03-13,265.7124938964844,271.0853568245383,265.7124938964844,269.37580952924844,29581973,-0.012704186370551263,271.3417915344238,262.902978515625,40.29847023107628,-0.09256905340466981,0.01844134402507244
2024-03-14,265.4682922363281,268.3989449565084,264.7356290562831,266.4451764763882,23368821,-0.0009190447034507221,270.74345169067385,263.6542025756836,38.78326499389459,-0.21003169734486604,0.01836862020862838
2024-03-15,264.0029296875,269.37579227133443,261.80494044865867,265.95669789980343,30487511,-0.005519915529209829,270.14510879516604,264.2608474731445,38.490529292963586,0.30462341253758596,0.018370908596483042
2024-03-18,262.2934265136719,265.71252145891526,261.56076331111973,264.24719505381097,18926028,-0.006475318951390641,269.65666885375975,264.7668737792969,40.63745545533386,-0.3792202977802943,0.018183841649588854
2024-03-19,271.8180236816406,272.0622447271767,262.29340290573407,262.5376239512701,33115950,0.03631275588781202,269.5101371765137,265.4575311279297,51.64836145675752,0.7497570013105761,0.01994322614173884
2024-03-20,271.8180236816406,275.2371183191455,270.10847636288815,271.5738026361046,27530206,0.0,269.4612922668457,266.01142456054686,47.20001699443432,-0.16867231651213388,0.019879616175463223
2024-03-21,278.90045166015625,281.0984412091417,273.2833672571934,274.5044725621853,55537828,0.026055770263456512,269.48571395874023,266.76948699951174,55.893549219339086,1.0173415338773708,0.020212213069681007
2024-03-22,284.51751708984375,285.98284335811763,277.9235488826113,279.1446541061729,45107169,0.02014003704996492,269.71772384643555,267.55587890625,66.14789217931477,-0.18781179199157738,0.020673745035729045
2024-03-25,279.1446533203125,288.9134950813033,279.1446533203125,283.05219002470886,46911216,-0.018884122933754632,269.72993392944335,268.1908535766602,65.8914929550724,0.039994684658662516,0.021132118394500965
2024-03-26,278.6562194824219,280.36576684120973,273.5275774060583,279.8773247386989,29898741,-0.001749751722201709,269.9741554260254,268.88346435546873,69.95887408321602,-0.3626526116909866,0.02068228723728676
2024-03-27,276.2140197753906,281.0984409915779,275.4813565929625,279.144672505103,30391227,-0.008764203115822822,270.30385513305663,269.47447967529297,59.70877261091633,0.01647179725728254,0.020465975500322548
2024-03-28,290.86724853515625,292.5767957557659,276.94664973876337,277.4350918017947,48424451,0.05305027156724784,271.0853630065918,270.3927505493164,65.41667621215561,0.5933693957140986,0.023165415065004222
2024-03-29,290.86724853515625,292.5767957557659,286.47126996787426,291.35569059818755,31894138,0.0,272.06224594116213,271.32079010009767,64.52993757920083,-0.3413629408002994,0.02282520466210549
2024-04-01,296.72857666015625,297.94968191390177,287.20395568094136,290.86727144217787,42931903,0.020151213842460436,273.6863166809082,272.3660562133789,73.83970026710647,0.3460750373626651,0.021971065718059103
2024-04-02,290.1346130371094,301.36878155538125,289.1577288181292,297.4612446794606,36483707,-0.02222220622383453,275.2371208190918,273.3077728271484,70.0000399868843,-0.15019590443032538,0.022150863839055613
2024-04-03,293.06524658203125,294.7747938537598,286.47127853393556,289.6461520385742,37620296,0.010100944228074615,277.1420440673828,274.26511932373046,71.64751985100673,0.031153330992379713,0.021552331859444742
2024-04-04,283.29638671875,292.0883435479526,280.85417648841593,288.1808071794181,79494378,-0.033333395812754185,277.98460540771487,275.00266632080076,63.38984587258247,1.1130715717919921,0.021437806407050175
2024-04-05,300.1476745605469,300.3918956138915,286.959737679937,287.20395873328164,55059738,0.059482890117219966,279.3522430419922,275.92582244873046,71.70868131637346,-0.30737569894565375,0.024499580017277364
2024-04-08,302.8341064453125,305.5205380347467,300.1476748558783,301.36878012380294,36300949,0.008950367144102911,280.7809371948242,276.62917877197265,69.30091797268909,-0.34069884241003834,0.024514965722584374
2024-04-15,291.5999450683594,300.14768215160274,291.5999450683594,297.9496926159116,38514049,-0.03709675078814756,281.90435485839845,277.14692779541014,60.80000986341832,0.0609653483163759,0.025773675723177146
2024-04-16,290.1346130371094,295.0190341320102,287.4481814349139,289.1577288181292,40587896,-0.005025145086726579,283.1254608154297,277.62071685791017,56.534088387806996,0.0538465067643239,0.025562915802023557
2024-04-17,288.425048828125,295.75168004306465,288.425048828125,293.0652485975868,33313145,-0.005892313885229927,284.2732986450195,278.0261233520508,52.38094883903594,-0.17923449394863922,0.025644640272147308
2024-04-18,289.4019470214844,294.53058912059925,288.91350491680674,289.89038912616195,35074259,0.0033870088514451613,285.5432495117187,278.31430450439456,56.603777292001574,0.052865437952495986,0.02553925522514532
2024-04-19,295.5074768066406,296.9728031379132,285.0059714325203,285.2501924877324,38942548,0.021097058426849502,287.2039520263672,278.5731790161133,60.11730001099344,0.11028854522628695,0.025636357932294983
2024-04-22,295.7516784667969,304.29941483866963,295.5074574276005,300.8803202899205,41461684,0.0008263806479456015,288.400634765625,278.8027462768555,62.048172364837505,0.06468852526033997,0.02465831215592969
2024-04-24,302.5898742675781,303.07831635679133,298.6823375538725,300.1476638215121,44209830,0.023121409948478,289.93922729492186,279.2667660522461,58.00000249917424,0.06628158180936405,0.024975522848531224
2024-04-25,306.00897216796875,306.4974142624108,300.8803301763268,303.32254064853726,47578438,0.011299445854447754,291.2946533203125,279.7845150756836,59.872613746254224,0.07619590484740613,0.02455603149172439
2024-04-26,309.6722717285156,311.6260400044053,305.0320720732776,306.2531772457086,44783003,0.011971216185570066,292.5523910522461,280.2192282104492,58.6885064558619,-0.05875424073400648,0.024356890257869756
2024-04-29,318.4642639160156,318.4642639160156,312.11451632259815,312.3587373838834,40620394,0.028391280040751532,294.51837158203125,280.9177005004883,68.47132515928256,-0.0929506446899061,0.024259461945912976
2024-04-30,318.4642639160156,320.17381134501267,313.33562162902456,317.4873796708745,45375021,0.0,296.50877380371094,281.79201263427734,67.21853989512574,0.11705024328419866,0.024229811553491958
2024-05-02,317.7315673828125,324.3255353454074,315.53357806194754,320.1737777393291,41134014,-0.002300718216208919,298.584651184082,282.62724822998047,76.60373781889206,-0.09346567575142284,0.024051285247409963
2024-05-03,317.4873352050781,320.4179875300481,314.800903907189,318.46421931340143,28796189,-0.0007686745756682045,299.9156555175781,283.4282931518555,68.02023695197403,-0.2999421597901921,0.02154285012881008
2024-05-06,318.4642639160156,319.6853692224421,315.77783224187743,316.9989375483039,25902824,0.0030770635632015875,301.2955062866211,284.27818267822266,66.84206891789242,-0.1004773583059897,0.02151919128662286
2024-05-07,322.37176513671875,323.1044282393022,317.48734445282906,318.95267065799595,39049366,0.012269826361847702,302.5776657104492,285.2843734741211,89.37485600484214,0.507533155458262,0.021293502778364698
2024-05-08,320.17376708984375,323.10441942018554,320.17376708984375,323.10441942018554,21381759,-0.006818208927022007,304.0796234130859,286.19287567138673,87.7299179030276,-0.4524428642452223,0.020546631750400328
2024-05-09,317.7315673828125,321.1506618819358,316.02202013325086,320.1737777393291,21343901,-0.00762773205696754,305.312939453125,287.09160858154297,86.1445003161603,-0.0017705746285887614,0.02070303719569819
2024-05-10,310.649169921875,318.4642433790291,310.649169921875,317.9758012879569,33832131,-0.022290506163035517,306.6805786132812,287.73635162353514,72.7748355419184,0.5850959484866427,0.019774354249353393
2024-05-13,306.98583984375,313.8240287981056,305.7647346733294,310.89337638909603,29664382,-0.01179249916890579,307.0224868774414,288.2785220336914,62.983377736232285,-0.12318907727095285,0.015322745890591837
2024-05-14,303.07830810546875,308.69539197849514,302.58986602955343,307.4742867887068,34705165,-0.012728703513719464,307.0346969604492,288.7620791625977,57.65304723755339,0.1699271200053991,0.015514125159341323
2024-05-15,298.4381103515625,304.78785738031917,297.94966827242735,303.0783101033462,29942233,-0.015310227191487114,307.37660522460936,289.2554055786133,45.45454545454546,-0.13723986040694514,0.013378738867498224
2024-05-16,299.9034423828125,302.1014317813836,296.484347762813,300.39188447138383,44314185,0.004910003047277733,307.8650466918945,289.8610739135742,43.01676679646542,0.4799893180979522,0.013318010238167371
2024-05-17,316.02203369140625,316.26625473753563,302.8340972004202,303.0783182465496,46769335,0.05374593629378599,309.2448959350586,290.6767727661133,55.65217816494432,0.055403252931313096,0.017529556688112395
2024-05-20,316.02203369140625,320.1737914756056,313.8240442762419,314.55670741463007,31020797,0.0,310.5759002685547,291.57062164306643,47.422662483341526,-0.33672785811472405,0.01755947763907645
2024-05-21,315.0451354980469,322.371766556141,314.06825135696766,316.9989037802053,48484511,-0.0030912344368788647,311.552783203125,292.58658111572265,46.46461650312649,0.562967934060495,0.01718915584312953
2024-05-22,314.0682678222656,319.19690983180493,311.6260573415326,316.9989203991452,27609960,-0.0031007229304998996,312.46861267089844,293.6855758666992,46.23117376493305,-0.4305406112067419,0.017241780690505075
2024-05-23,310.1607360839844,318.7084729051966,309.67229397991514,311.6260623961922,50020450,-0.012441663608284581,312.84715576171874,294.78945495605467,42.990685311614634,0.8116813642613028,0.016903992195112374
2024-05-24,310.8934020996094,313.09139158813764,308.45119155680015,310.8934020996094,22962145,0.0023622139438908007,313.0913772583008,295.6784197998047,42.72299009715117,-0.540944853554896,0.01674506291615189
2024-05-27,307.7185363769531,312.35873652866906,305.7647678920201,312.11451546805245,23215678,-0.010212071730100747,312.99369049072266,296.37689208984375,35.71431546639707,0.011041346529254925,0.01670937320199012
2024-05-28,304.7878723144531,308.93963019053143,303.8109881083171,307.9627459843954,20717843,-0.009523846359746013,312.3098709106445,296.98744506835936,35.21129487299076,-0.10759259324668446,0.01539564417210629
2024-05-29,298.9265441894531,308.45116446999947,298.9265441894531,305.27629104315065,31728784,-0.019230844326223018,311.3329849243164,297.5833441162109,33.03965266963155,0.5314713988323978,0.015852518982182234
2024-05-30,298.9265441894531,302.34563864913645,297.461217992446,300.39187038646025,26493682,0.0,310.3927337646484,298.2476251220703,37.8787811852526,-0.16499535563669887,0.015866535300288805
2024-05-31,295.7516784667969,306.00896211304416,292.33258391804776,300.63609925072416,50174552,-0.010620889259817967,309.3059509277344,298.85329284667966,38.265316856623166,0.8938308386127682,0.01594867548105802
2024-06-03,304.7878723144531,304.7878723144531,296.9727986653646,298.19390392303467,46466026,0.0305533138290226,308.62213134765625,299.66899169921874,51.61291808636896,-0.07391248854598642,0.01763241330330022
2024-06-04,298.9265441894531,306.7416172401578,298.19388109094956,305.27629104315065,33440269,-0.019230844326223018,307.44987030029296,300.4016540527344,50.45044233690779,-0.2803286211736722,0.017693013202637217
2024-06-05,305.0321044921875,305.7647676735138,295.75170419538756,299.170799041577,43218700,0.020424951953630366,306.69278717041016,301.0659356689453,54.35685701515784,0.29241484271552953,0.018465851119141355
2024-06-06,298.4381103515625,306.74162569685967,297.2170051537247,305.5205204990218,27854769,-0.021617377461308762,305.72811431884764,301.59833740234376,32.17825028332187,-0.3554926686827693,0.018938776696584985
2024-06-07,295.5074768066406,300.3918979108826,294.04215047536803,300.3918979108826,20682374,-0.009819903836911337,304.9710296630859,301.93047790527345,30.373877343192987,-0.25749253206874556,0.018468288307883295
2024-06-10,292.821044921875,295.50747652666286,292.08838175693285,293.3094870318364,19319106,-0.009090910029743271,304.2627899169922,302.09654846191404,29.411817922237276,-0.06591448351141893,0.018405255946084054
2024-06-11,295.5074768066406,299.9034558004584,291.599939923247,293.5537083649438,36835923,0.009174312882745062,303.8842483520508,302.42380493164063,33.33336987094185,0.9067095030173757,0.01839751092210041
2024-06-12,297.9496765136719,300.147665930576,294.04213977250896,295.2632450041224,36966572,0.00826442611003464,303.8598266601563,302.80967407226564,38.73875090904588,0.003546782308128993,0.01819363088784199
2024-06-13,302.3456726074219,304.5436621498022,300.3919041253061,302.3456726074219,24134208,0.014754156289705778,303.98193817138673,303.3323071289062,42.61605333254597,-0.3471342703889341,0.01846255862211916
2024-06-14,304.54364013671875,307.7185136906701,302.5898717958256,306.0089663923886,29420180,0.007269717176176638,303.4080184936523,303.6058349609375,47.21028500759137,0.21902405084103038,0.013736601152225834
2024-06-20,308.6954040527344,308.9396251002445,302.8340989124926,307.96274091020416,39255358,0.013632738855264837,303.04168701171875,303.96239807128904,53.36133527246762,0.3343004019689886,0.014160183583880926
2024-06-21,308.6954040527344,309.4280671952646,306.49741462514373,308.6954040527344,30476761,0.0,302.7242004394531,304.2017346191406,59.34580039543002,-0.22362799493511176,0.014153912551135758
2024-06-24,303.07830810546875,310.1607182062412,301.8572029156804,309.9164971682835,30082945,-0.018196240933687657,302.1747024536133,304.46060852050783,53.5864985577027,-0.012921845599012327,0.014669284795648984
2024-06-25,298.6823425292969,303.810984551468,298.43812148062204,303.3225424541183,27306032,-0.014504388663282741,301.6007827758789,304.5729504394531,52.4793456708526,-0.09230854891367846,0.014755943994788558
2024-06-26,294.0421447753906,299.4150078859044,294.0421447753906,298.6823447344707,22618331,-0.01553556100642639,300.75821990966796,304.7878656005859,40.17857939787749,-0.17167272784269794,0.015031616203372003
2024-06-27,298.6823425292969,300.3918898700206,295.5074688965243,295.5074688965243,23234871,0.015780723397493812,300.30641021728513,304.75855895996096,49.77170773568994,0.027258421498915997,0.015463180896739504
2024-06-28,301.61297607421875,303.56674434028656,299.41498677489244,300.6360919411848,38137283,0.009811874113831776,300.1476654052734,304.73413635253905,46.60190641184756,0.6413813100145898,0.015531242018704875
2024-07-01,288.91351318359375,303.32255568387444,286.22708153099904,302.83411356522083,45407891,-0.04210516091157834,299.64701385498046,304.68040771484374,41.55844998880237,0.19064305131542802,0.017683347329164663
2024-07-02,290.86724853515625,291.11146956667193,286.47126996787426,288.91348028303094,24290887,0.006762353653984254,299.2440490722656,304.6950604248047,45.814944993242854,-0.4650514158431186,0.01777899140053573
2024-07-03,296.2401123046875,296.4843333370904,290.86724959182425,292.08835475383864,30092887,0.018471876076078253,299.26847076416016,304.85136169433594,52.941157939834845,0.23885500764134293,0.018155062861144707
2024-07-04,303.81097412109375,304.29941620167426,296.48434291238567,297.46122707354675,33671381,0.025556504679621117,299.21962585449216,305.1395422363281,56.58914203044835,0.11891494491704968,0.017745718356430077
2024-07-05,300.8803405761719,306.0089827450839,300.14767740918444,303.8109932441216,29827422,-0.00964623991414404,299.31731567382815,305.24699951171874,52.30770487753534,-0.11416101406710943,0.01732372847557601
2024-07-08,298.9265441894531,302.58985968197095,298.19388109094956,301.3687545177983,23101726,-0.006493599359058577,299.0120376586914,305.31049682617186,47.1999684103614,-0.22548700320128234,0.016727141962505805
2024-07-09,303.5667419433594,304.5436260686799,299.17076337941694,299.65920544207717,37325340,0.015522869561444441,299.2684692382812,305.3300341796875,49.230757400334404,0.6156948619336928,0.016360955300906477
2024-07-10,297.7054443359375,304.0551913029058,297.7054443359375,303.81097026571473,30531140,-0.019308101967624336,299.3783676147461,305.16396362304687,41.57301372536447,-0.1820264731680944,0.016821685927845796
2024-07-11,302.8341064453125,302.8341064453125,299.90345380229337,300.1476748558783,26001104,0.017227303722358922,299.87902069091797,305.02720031738284,45.83333514118842,-0.1483742827814487,0.017059151851503678
2024-07-12,300.1476745605469,303.322548254027,299.90345350720224,303.322548254027,23966972,-0.008870968717160532,300.1110305786133,304.66086853027343,47.82609876738843,-0.07823252428050742,0.017126893678806814
2024-07-16,300.3918762207031,302.5898655589034,299.9034341455475,300.88031829585873,25171747,0.0008136050379661253,300.23314056396487,304.2994207763672,51.351342223594564,0.05026813566603239,0.01703953604296363
2024-07-17,302.1014404296875,304.5436509424578,298.68234571180903,300.88033517330234,38206650,0.005691113323345487,300.22092895507814,303.9868182373047,56.68016931685899,0.517838630747401,0.016760047723340037
2024-07-18,309.183837890625,311.1376062185278,303.81097498889216,303.81097498889216,45789387,0.023443772564818,300.45293884277345,303.8207482910156,58.365760268394375,0.19846641880405635,0.017498458693414497
2024-07-19,308.20697021484375,311.3818439175323,305.5205386202611,308.69541232294966,36619426,-0.0031595043338805695,300.4285171508789,303.6156024169922,55.42171395535803,-0.20026389521222465,0.017256691325579016
2024-07-22,302.5898742675781,309.67228456116953,302.5898742675781,308.6954003827431,27596166,-0.01822507759428693,300.1232406616211,303.2199645996094,62.727261883732574,-0.246406374583807,0.01773477214821317
2024-07-23,298.9265441894531,303.8109648461436,298.4381021237841,302.83408071480545,28899602,-0.012106585149262328,299.9156524658203,302.7950201416016,57.268720284443624,0.04723250323976158,0.01747157471047808
2024-07-24,297.9496765136719,300.63610802322137,296.7285712820585,299.1707817452853,22634121,-0.0032679188073780896,299.87901916503904,302.3993823242188,51.67465745439153,-0.21680163623014603,0.01717720223120745
2024-07-25,293.3094787597656,299.17078391399906,291.5999314231142,298.19389972162685,29953941,-0.015573763355616,299.84238586425784,302.0525885009766,39.086303431801326,0.32339758190742196,0.01717902487498887
2024-07-26,294.53057861328125,296.4843469622914,293.5536944387762,293.79791548240246,16653480,0.004163178969458947,299.63479766845705,301.80348327636716,43.15788019869766,-0.4440304199036781,0.016810380779717006
2024-07-29,287.2039489746094,292.576811965631,286.9597279295629,291.8441488304917,22278905,-0.02487561622011325,298.9143463134766,301.48599609375,38.67925529218571,0.3377927616330041,0.01746030190215281
2024-07-30,286.71551513671875,290.1346098657767,285.73863092841646,287.69239934502104,25620856,-0.0017006515392091748,298.8044464111328,301.2515441894531,32.30770906746692,0.15000517305495942,0.014737317288806624
2024-07-31,282.5637512207031,285.2501827361981,281.58686703325037,284.5175195956086,27502263,-0.014480429892452351,298.38927154541017,300.9047503662109,33.51064642953283,0.07343263628662533,0.014966855874205577
2024-08-01,290.623046875,291.35571001838235,286.2270680147059,286.2270680147059,21064407,0.02852204367856781,298.1084182739258,300.39677062988284,37.499984380135025,-0.23408459151161487,0.015811934151100052
2024-08-02,284.7617492675781,286.95973875592136,281.5868755621934,285.7386334846195,19507021,-0.020168041283879612,297.15595703125,299.77156494140627,35.211256863941415,-0.0739344810418826,0.015083513142493314
2024-08-05,270.596923828125,274.2602395839209,264.97983966923795,264.97983966923795,33305862,-0.04974272519355494,295.6417861938477,298.8826007080078,27.40741357821568,0.7073781793744929,0.018314595786273806
2024-08-06,273.0391540527344,282.31955463771106,273.0391540527344,282.31955463771106,34068451,0.00902534363679841,294.34741668701173,298.0620184326172,28.20513759435424,0.022896539954438078,0.018580577730469578
2024-08-07,291.1114807128906,293.0652490398228,275.96977617916644,275.96977617916644,41782573,0.06618950576101557,293.72465362548826,297.6810333251953,38.36477542569525,0.22643007749310362,0.024074894631527777
2024-08-08,295.0190124511719,298.6823280031318,290.62303378881995,291.11147586241464,32386073,0.013422801906377124,293.59033203125,297.36354553222657,41.818166671652406,-0.2248904106503925,0.023935621645537565
2024-08-09,294.7748107910156,300.8803371122877,293.5537055267612,299.4150107951824,25010646,-0.0008277488902402874,293.18736724853517,297.1046710205078,44.805197966577545,-0.2277345265046491,0.023582264402989047
2024-08-12,293.3094787597656,299.6592260101852,292.0883735193003,297.94967867353375,27721724,-0.004971021870280756,292.84545745849607,296.8751031494141,46.15385579822015,0.10839696023845202,0.02353057457923505
2024-08-13,290.86724853515625,293.7979009133442,285.4943858418116,293.30945885031286,26412277,-0.008326461984577316,292.3692260742188,296.71391723632814,45.24588834084521,-0.04723541003438314,0.02358441410007424
2024-08-14,285.0059509277344,294.53057139575634,284.7617298900928,292.33258205698206,18953889,-0.020151108923194716,291.5144515991211,296.43550537109377,44.51611888991364,-0.2823833780025857,0.023884440900252296
2024-08-15,281.8310852050781,285.0059587819118,276.2140011845263,285.0059587819118,34055805,-0.011139647127793695,290.1468139648438,296.1570935058594,41.8238967761,0.7967713644413554,0.02313678931525277
2024-08-16,286.71551513671875,292.33259933445686,285.73863092841646,289.15772565747443,38799466,0.017331054621197772,289.0722412109375,295.7956463623047,49.675330076018,0.13929081987637648,0.023641370109231435
2024-08-19,290.1346130371094,291.11149725608954,285.2501919422085,288.6692867086391,26825619,0.011925053650341244,288.44947814941406,295.6198077392578,52.18750231857244,-0.3086085514682083,0.023603844681938282
2024-08-20,292.821044921875,296.24013969160495,288.9135080421836,289.64617120712575,34477472,0.009259260233187128,288.14420318603516,295.3755865478516,56.687905693467954,0.28524422866066956,0.02359811885013284
2024-08-21,290.86724853515625,295.9958901969852,289.40192234606224,292.82101678728156,23463737,-0.006672322295824151,287.7900817871094,295.22416931152344,50.17299661616716,-0.31944729010294026,0.023629348194979437
2024-08-22,287.6923828125,294.5305718776528,287.6923828125,293.06524564940577,24952855,-0.01091517088515559,287.5092269897461,295.06786743164065,52.158258991078924,0.06346465612020791,0.02350010487270944
2024-08-23,288.1808166503906,292.08835314734506,284.2732801534362,287.93659561933094,31205050,0.0016977642338515953,287.1917388916016,294.9750628662109,66.21619567878824,0.25056030662623585,0.023479672938552465
2024-08-26,282.0753173828125,290.37883321918963,282.0753173828125,289.6461700571564,22083752,-0.021186348690881318,286.93530731201173,294.7064196777344,57.805900276438706,-0.2923019831725955,0.02329458241559611
2024-08-27,290.86724853515625,291.35569059818755,281.0984072745297,282.07529140059233,25541295,0.031168736186909962,287.1428939819336,294.56477111816406,49.74873204343046,0.15656501666926892,0.024351723702275497
2024-08-28,295.26324462890625,297.4612340430172,290.623044754672,290.8672658006843,29852124,0.015113410381845327,287.7778686523437,294.4231225585938,50.24876766287708,0.168778795280349,0.02426063972619994
2024-08-29,293.5536804199219,295.99589073955514,291.3556911322519,295.01900661170185,25703034,-0.0057899662084015535,287.92440032958984,294.2033233642578,48.79224603482186,-0.13898810014322593,0.023523981289410602
2024-09-02,301.3687744140625,302.58987965885206,294.7748060921989,295.0190271411568,34729004,0.026622367612497033,288.75475158691404,294.0567907714844,57.08154230229834,0.3511636019311961,0.02365919205872888
2024-09-03,295.7516784667969,302.1014254859023,294.77479431001143,300.8803202899205,23411840,-0.018638612969066548,290.01248931884766,293.7979162597656,54.06504663858311,-0.3258706757038008,0.020859339015768658
2024-09-04,294.0421447753906,294.53058687634643,291.35571322013374,293.3094816239569,19799342,-0.005780300893873602,291.0626388549805,293.61719299316405,58.078613819461275,-0.1543021821437358,0.020958628823026116
2024-09-05,289.890380859375,296.2401280391086,288.9134966778775,295.2632438576111,23092345,-0.014119621931022897,291.0015838623047,293.4413537597656,57.08154230229834,0.16631880998873605,0.015339877440989401
2024-09-06,287.44818115234375,291.8441601334331,287.2039600978388,290.1346127518984,20468462,-0.008424562759865917,290.62304229736327,293.30947448730467,50.67264825270594,-0.11362566253015882,0.015102352697092317
2024-09-09,282.31951904296875,287.6923818621256,282.31951904296875,286.47127667595356,24892932,-0.01784204056819849,290.0002777099609,292.98221801757813,43.04346337920045,0.21616035440278814,0.01555327355517732
2024-09-10,277.4350891113281,284.2732779274524,277.1908680821808,283.2963938108632,28335939,-0.01730107060325936,289.20655822753906,292.4986602783203,36.820066181087725,0.13831263428510554,0.015915634775412767
2024-09-11,273.527587890625,279.87733546665737,273.527587890625,277.6793459211077,21805515,-0.014084380001172625,288.3395751953125,292.1909417724609,35.62755166569701,-0.23046435835424406,0.016074839235058064
2024-09-12,279.6330871582031,282.56373960003583,274.9928874586347,277.679318863648,39046318,0.02232132895501393,288.07093200683596,291.96625854492186,43.62933804092381,0.7906624998308913,0.016482634077492037
2024-09-13,285.494384765625,285.494384765625,276.70242766420284,280.85418518431885,24404734,0.020960672669274816,288.2540969848633,291.7513439941406,48.042703043794766,-0.37497988926894466,0.016980523097283796
2024-09-16,279.6330871582031,285.25017100504914,279.14464508456433,285.00594996822974,17210152,-0.020530342872535523,287.8999755859375,291.2677862548828,48.214270572583935,-0.2948027214719898,0.017148140128348675
2024-09-17,283.78485107421875,286.95972462324187,280.60997752519563,280.60997752519563,25446750,0.01484718406612151,287.58248748779295,290.9258764648437,44.444455083765504,0.4785894976406948,0.01727701905788728
2024-09-18,284.7617492675781,286.715517701661,283.0522018877556,283.54064399627634,19884166,0.0034423902109697035,287.1795227050781,290.64258056640625,41.29555495633777,-0.21859703105504635,0.017144300320231308
2024-09-19,294.0421447753906,294.28636582586853,286.22707116009786,287.93661851344314,30539856,0.032590035465374756,287.33826751708983,290.45208862304685,50.35972872238094,0.5358882037094239,0.01867128217950821
2024-09-20,292.5768127441406,294.53058110971085,291.1114864699629,293.79791797262203,20237710,-0.004983408185820881,287.5824890136719,290.3495159912109,42.85713577330471,-0.337334465493223,0.018523468159621484
2024-09-23,289.15771484375,295.7516830031936,288.4250517149229,294.04213570259714,23543000,-0.011686154717190922,287.63133392333987,290.0759881591797,44.444444444444436,0.16332332067215116,0.018737613680915786
2024-09-24,289.4019470214844,293.06526280656647,287.93662070745154,289.15772596914553,39566662,0.0008446331022720077,287.99766540527344,289.86107360839844,45.991561848843,0.6806125812343371,0.018040436655840597
2024-09-25,284.51751708984375,290.62304320765156,284.51751708984375,289.8903800735146,25711329,-0.01687766783157829,287.6801788330078,289.54358642578126,45.41666493112683,-0.35017694947327116,0.01704432486868696
2024-09-26,284.51751708984375,290.13460111822695,283.7848539557068,286.47128544754224,28959484,0.0,287.1428924560547,289.19190795898436,47.39129395427375,0.1263316649248274,0.01662376554497715
2024-09-27,285.494384765625,287.6923740409805,283.5406165208645,285.494384765625,19847298,0.0034334183911521876,286.7399276733398,288.7181188964844,53.05163795935608,-0.3146529130146103,0.016632891980532548
2024-09-30,278.4120178222656,285.00598666542453,278.16779675400045,285.00598666542453,21334664,-0.024807377382128237,285.59208984375,288.1222198486328,50.90094349711975,0.07494047804391313,0.01606103309963735
2024-10-01,271.32958984375,280.36576880344285,267.9104951022446,278.65622143269013,34658869,-0.025438657547595334,284.37098541259763,287.49701416015625,48.08509755835581,0.6245331541195118,0.016458051198588307
2024-10-02,265.22406005859375,275.2371230994799,264.97983900881604,270.5969231537034,37339145,-0.022502262980872212,282.9300811767578,286.8229644775391,37.446819371706866,0.07733304857697454,0.016961130583472903
2024-10-03,262.5376281738281,271.08536490506907,262.5376281738281,265.7125018168605,27014849,-0.010128914715249238,281.5624435424805,286.1147235107422,28.828848605611327,-0.27650060010747435,0.016871533241715524
2024-10-04,267.42205810546875,268.398942335991,263.7587422410103,264.73562647153256,25552239,0.018604685224041795,280.5611373901367,285.59697509765624,38.53213533382056,-0.05414096521509337,0.017632041311191355
2024-10-07,264.2471618652344,269.13158260211486,263.2702777178583,268.3989194915828,19065238,-0.011872230221869784,279.65751953125,284.99130676269533,31.308417490722988,-0.25387211664699916,0.01742501570609508
2024-10-08,264.49139404296875,266.20094137288635,262.53762566592,263.75873090157546,24186666,0.00092425657861539,279.01033477783204,284.5370556640625,30.33175664191377,0.2686264918381822,0.01712037462242878
2024-10-09,264.0029296875,264.9798137936517,258.8742881302035,264.49137174057586,23956358,-0.0018468062344191294,278.53410186767576,284.08280395507813,14.857157954190868,-0.00952210610590154,0.016892211554261002
2024-10-10,260.3396301269531,266.20093512043053,260.3396301269531,264.97982991345606,16761536,-0.013875980713104696,277.5694290161133,283.6383215332031,14.130456927943627,-0.3003303757607897,0.016111444404668444
2024-10-11,258.6300964355469,264.73562279143795,257.6532122186043,260.8280859236677,17775777,-0.006566551894433448,276.22621459960936,282.99846252441404,14.689293855769321,0.06051002724332655,0.01505814526991779
2024-10-14,251.79190063476562,258.87431103089386,251.54767958662327,258.6300899827515,19868260,-0.02644006206170746,274.8341552734375,282.3390655517578,12.25490616451195,0.11771541688444898,0.015435869758821264
2024-10-15,261.8049621582031,262.53762529857124,251.54767819304965,251.791899239839,30713391,0.03976721053455101,273.7351608276367,282.16322631835936,29.333336295320493,0.5458520776353843,0.017935597411711274
2024-10-16,263.02606201171875,263.7587251370996,257.89742013405294,260.82807263557623,19268275,0.0046641585531819185,272.64837646484375,281.96296447753906,30.869561437917724,-0.37264253888474896,0.017963876013632314
2024-10-17,267.1778259277344,268.64315221253,263.0260681208135,263.2702891682794,24972591,0.0157846104080388,271.30516052246094,281.48429138183593,34.56792281968754,0.2960470514355851,0.016505477482107785
2024-10-18,261.8049621582031,268.64315146830546,260.5838569242563,267.4220462343586,20698103,-0.02010969192849288,269.7665679931641,280.82001037597655,35.59321495437949,-0.17116718085039717,0.016864211483332628
2024-10-21,263.2702941894531,265.7125047106911,260.09542051184377,261.80496787671035,24074749,0.00559703689025004,268.4721969604492,280.18992004394534,42.253527737021166,0.16313794554022665,0.016967985665110322
2024-10-22,268.39892578125,270.1084730792198,263.2702838873408,264.2471680576092,26819572,0.019480479586907906,267.4220458984375,279.691708984375,53.11003783439917,0.11401252823030461,0.01777201929473563
2024-10-23,261.56072998046875,268.8873610723586,261.07228790767607,268.8873610723586,24305349,-0.025477731629799827,266.2742065429687,279.10557861328124,49.11503225981244,-0.09374582860606429,0.018208598965918567
2024-10-24,267.42205810546875,268.15472127836046,263.7587422410103,263.7587422410103,18918442,0.022409052480613978,265.41943359375,278.75390075683595,50.0,-0.2216346286572557,0.019136152442273305
2024-10-25,269.6200256347656,270.3526887479036,265.46826799365056,266.44515214450115,17216815,0.008219095854950176,264.625715637207,278.5096795654297,54.86725614786276,-0.0899454088238344,0.01924936543256188
2024-10-28,271.57379150390625,273.527559788107,269.8642442552306,272.06223357495645,7035135,0.007246367789413455,264.28380432128904,278.20684509277345,56.2231646871685,-0.5913799968228735,0.01863473469285315
2024-10-30,271.0853576660156,273.52756809543916,270.1084734942462,271.32957870895797,14799003,-0.0017985308346059048,264.27159271240237,277.82585998535154,56.22319483989439,1.1035847926159201,0.017736303433415996
2024-10-31,266.200927734375,272.550674634461,266.200927734375,271.32956946136756,14473937,-0.018018051486419218,264.32043609619143,277.29345764160155,55.042010850418485,-0.02196539861502833,0.017461708118617813
2024-11-01,266.6893615722656,268.3989087618314,265.22403540978064,266.6893615722656,19991989,0.0018348314637655072,264.5280227661133,276.8098999023438,57.08151928495656,0.3812405705510533,0.01728869085579072
2024-11-04,262.2934265136719,266.6894057289848,260.8281001085676,265.71252145891526,18418359,-0.016483353639146103,264.27159118652344,276.3019207763672,59.64128374872379,-0.0787130285035671,0.017180298587169133
2024-11-05,265.95672607421875,267.4220523886773,264.00295765494076,265.95672607421875,31196076,0.013966417722465874,264.35706939697263,275.85743896484377,54.31473304759797,0.6937489382197404,0.017277325274719847
2024-11-06,270.8411560058594,274.50447191216045,263.7587452536773,266.68939797871815,30758235,0.01836550631277345,264.6745574951172,275.6327557373047,57.54719705851321,-0.01403513057219119,0.01773587101459908
2024-11-07,276.2140197753906,276.4582408362,269.6200511335378,271.8180406808221,24069867,0.019837693239704635,265.28511199951174,275.3396911621094,58.52536897447266,-0.21744966835710822,0.01818810648829739
2024-11-08,283.5406494140625,283.7848704729893,274.9929123516231,275.48135446947674,23348584,0.026525191026254502,266.4451629638672,275.1052392578125,69.77781184066787,-0.029966222912656715,0.018523406985874652
2024-11-11,281.3426513671875,284.51752503712976,279.8773250579834,284.0290829340617,21162079,-0.007751968020871636,267.5807907104492,274.8610186767578,66.22808628087597,-0.09364615001920462,0.018562335373733474
2024-11-12,279.8773193359375,284.0290771271338,279.63309828939657,282.807971894429,20609050,-0.005208353671685373,268.9850616455078,274.43118957519533,61.0328765194537,-0.0261330184052333,0.017268967985954172
2024-11-13,277.1908874511719,281.3426452367841,275.48134012768446,279.38887686708426,31922085,-0.00959860517150768,269.7543579101563,274.05997375488283,66.32655728507538,0.5489352978424527,0.015546750564705367
2024-11-14,279.8773193359375,282.3195298013471,277.4351088705279,278.90043514977367,28667480,0.009691631313958116,270.5969207763672,273.77667724609375,63.93443406533377,-0.10195464989207315,0.015616003398726723
2024-11-15,283.05218505859375,286.9597216944328,280.36575362145436,281.0984167406742,40033524,0.011343776373838432,271.39063873291013,273.6399133300781,64.70590200676116,0.39647865804737625,0.01545881031434667
2024-11-18,282.0753173828125,285.7386331929789,280.3657700047348,284.2733068689123,26338290,-0.003451192844807105,272.40415649414064,273.5324560546875,61.748675297716595,-0.34209414090051127,0.014571219519161781
2024-11-19,272.5506591796875,283.54060511435233,271.5737750966062,282.80794205204137,30459346,-0.03376636527966326,272.86817474365233,273.3370788574219,51.36361390201746,0.15646634614471933,0.016807716991502963
2024-11-20,264.7356262207031,275.2371316888676,263.2702998763081,274.01602640187167,28212777,-0.02867368944366433,272.685009765625,273.08308959960937,48.706916749838015,-0.07375631111711989,0.017583141120512815
2024-11-21,273.2833557128906,273.2833557128906,264.735618939029,265.71250314175603,23938681,0.03228779448468133,273.2711410522461,273.07820495605466,55.09436524612675,-0.15149504779341638,0.018010279671336664
2024-11-22,273.0391540527344,274.5044804608886,270.108501236426,273.0391540527344,24811970,-0.0008935840952304375,273.5519958496094,272.94632629394533,58.870975868817304,0.036480247178196645,0.017387207777742497
2024-11-25,289.4019470214844,293.30948385890525,274.5044628288172,274.99290493349486,61855170,0.059928375567665615,274.5410919189453,273.0244775390625,66.00001082977305,1.492956826886378,0.021778465177412158
2024-11-26,287.2039489746094,289.64615942507373,284.51751747909856,289.1577173349809,31270250,-0.007594966341784248,275.32259979248045,273.17589477539065,61.59169131254432,-0.4944602043774191,0.02190622300794498
2024-11-27,285.7386169433594,292.8210271069127,285.49439590323686,292.3325850266677,35199151,-0.0051020608751433105,276.05526275634764,273.21497009277346,57.14284406500061,0.12564341506703647,0.02195692024342651
2024-11-28,280.6099548339844,284.5174911937265,277.67930256417776,284.27327017124264,26994739,-0.017948788876484434,276.7757141113281,273.1319342041016,47.727239379086896,-0.2330855082271729,0.021953458827603165
2024-11-29,278.4120178222656,281.0984495731822,276.94669141267474,280.6100074366519,29697434,-0.007832712182356816,277.3618469238281,272.81933166503904,47.72728456051116,0.10011932325035633,0.022083391565644497
2024-12-02,278.90045166015625,280.12155696514816,275.96979892817563,277.9235674161627,33276590,0.0017543561578667877,278.1921981811523,272.5458044433594,49.23078106120974,0.12052071569550415,0.02163538498303513
2024-12-03,280.3657531738281,283.7848477247285,277.43510070162785,279.63309005577804,28304567,0.005253851347137184,278.9126495361328,272.3699652099609,52.54901826264733,-0.1494150392212663,0.021496451989731827
2024-12-04,282.31951904296875,285.00595045254715,281.09841385679675,281.83107696849993,27748059,0.006968632391878726,279.48656768798827,272.22831665039064,51.98412226156119,-0.019661420717017153,0.021212928451517368
2024-12-05,286.71551513671875,288.18084144917214,283.2964204076608,283.7848625118119,33995219,0.015570995971698753,280.0116424560547,272.27227661132815,52.91830401901322,0.22513863041735638,0.021047963017659477
2024-12-06,293.5536804199219,293.5536804199219,286.7154915249486,289.15770184458194,35655051,0.023850000862152054,280.51229400634764,272.4529998779297,58.362983310187,0.048825453955746,0.02089233025466802
2024-12-09,293.5536804199219,296.9727748674085,292.3325752601052,296.72855383544515,23749386,0.0,281.1228454589844,272.61418579101564,67.76864795756346,-0.3339124378198197,0.020774609353631096
2024-12-10,292.33258056640625,297.9496644035218,290.86725434802827,293.55368574838786,40376517,-0.004159715700954192,281.7456085205078,272.8925970458984,76.27910166614068,0.7001078259454792,0.020755900018459107
2024-12-11,294.286376953125,295.99592437110994,290.3788399977308,292.57682953514,30996824,0.006683471212593606,282.60038299560546,273.35173278808594,72.87238956911065,-0.23230564934563325,0.020579848027477247
2024-12-12,291.5999450683594,297.2170294373479,289.8903976517107,295.9959241397417,21407493,-0.009128631479919047,283.18651428222654,273.87925048828123,69.19193194153434,-0.309364953002927,0.020697122574544147
2024-12-13,292.33258056640625,292.57680160280256,287.4481598384797,290.86725434802827,22432206,0.0025124678877257445,283.65053405761716,274.4751495361328,54.477591758668574,0.04786702487769112,0.020586912521976447
2024-12-16,288.6692810058594,293.7979230541868,288.6692810058594,293.3094809543461,21406432,-0.012531273638569762,283.98023223876953,274.9000939941406,52.14287116888588,-0.04572773627346327,0.020808046070154056
2024-12-17,290.86724853515625,293.55367988182854,286.22704893635864,288.66925925151526,28508478,0.007614137263369791,284.896061706543,275.43249572753905,57.34266711989884,0.33177159089380237,0.01912045835022045
2024-12-18,283.78485107421875,290.8672612989626,283.5406300319862,290.13459817226493,24216068,-0.024349243500618734,285.84852294921876,275.81836486816405,54.304683989397496,-0.15056608774414404,0.018759375132536463
2024-12-19,282.8079528808594,286.22704730256237,281.0984056700079,281.83106876037283,25167342,-0.0034423902109697035,286.3247528076172,276.19446533203126,56.16433666386507,0.039282760520824356,0.017550375179896095
2024-12-20,283.05218505859375,284.5175112970334,281.0984167406742,282.8079640188538,21909897,0.0008635972759833965,286.82540435791014,276.6487164306641,55.862045192092246,-0.12943142744275493,0.017540272744905952
2024-12-23,279.3888854980469,285.7386328957298,278.41200128301875,283.54064341191645,20606277,-0.012942134892152679,286.32475128173826,277.06389221191404,48.701318723405635,-0.05949913867691847,0.011331570225478082
2024-12-24,278.90045166015625,280.60999908714496,276.7024621111708,279.388893782153,15485512,-0.0017482221492810535,285.9095764160156,277.6060632324219,45.270299935494116,-0.248505103566258,0.011246530504124797
2024-12-25,281.5868835449219,283.0522099120247,281.0984414225543,282.31954672847326,12283659,0.009632224934648326,285.7019897460938,278.00170166015624,42.553189603755506,-0.20676442600025102,0.011471983646914522
2024-12-26,283.29638671875,286.4712600181843,281.34261853448277,282.8079446726832,27141490,0.00607096165953136,285.83631134033203,278.40710815429685,32.499924503781585,1.2095606854602523,0.010805721754858581
2024-12-27,284.0290832519531,286.4712937700267,283.0521990447237,283.5406411483384,23638402,0.0025863250205535593,286.1171646118164,278.74413330078124,34.146346419159585,-0.129067637775229,0.010630968827368257
2024-12-30,275.7255859375,284.76176545892383,275.7255859375,284.51754439077723,20734285,-0.02923467279964198,285.9584213256836,279.02254577636717,27.63158111078775,-0.12285589355828708,0.01259942744367189
2024-12-31,274.50445556640625,279.1446554380804,272.306466153508,275.96978184167176,26585935,-0.0044287887427703065,285.6653564453125,279.2472290039062,22.818708643983925,0.28222096879636793,0.012552783113073633
2025-01-02,280.8542175292969,280.8542175292969,274.7486910612687,275.7255752961532,25569193,0.023131726404180375,285.5920913696289,279.4963348388672,36.585341694414176,-0.03824360512428848,0.013570531231944313
2025-01-03,291.1114807128906,292.82102799895625,281.34263907822987,281.58686011909634,40123161,0.0365216633519978,285.8118896484375,280.0873498535156,48.76847684842352,0.5691993486067393,0.015518550403278503
2025-01-06,290.1346130371094,293.06526569404986,288.4250656538941,292.5768235845598,28979311,-0.0033556480609732153,285.64093627929685,280.5416009521484,51.562508135351415,-0.2777410782764598,0.014561533981235048
2025-01-07,286.71551513671875,291.35571512615456,286.2270730325676,289.15772565747443,27531422,-0.011784522586256618,285.29902801513674,280.8835107421875,45.68530140474133,-0.04996285108365761,0.014777690363013248
2025-01-08,286.2270812988281,288.18084977185765,284.2733128257986,286.2270812988281,24336195,-0.001703548681897149,284.99375305175784,281.17657653808595,52.94120241361846,-0.11605746335950251,0.014760897309697823
2025-01-09,287.9366149902344,290.6230465126199,285.738625562828,287.6923939427448,23214174,0.005972648303049555,284.67626495361327,281.5136016845703,56.06939631074778,-0.04610502997695409,0.014742390189299669
2025-01-10,286.71551513671875,290.8672730220034,285.73863092841646,288.42506250124774,24514821,-0.004240863405152728,284.4320434570312,281.9238934326172,54.2373120672322,0.05602814039388182,0.014640484383079104
2025-01-13,283.05218505859375,287.69238481365267,280.6099746611943,285.98283753547304,19087499,-0.012776881210555202,283.9680236816406,282.25114990234374,54.237273776619965,-0.2213894198941938,0.014859104397112062
2025-01-14,286.71551513671875,288.42506250124774,283.2964204076608,284.5175256680386,26352017,0.012942242708236629,283.8703353881836,282.7395916748047,58.42104570864847,0.380590353927458,0.014955865222443904
2025-01-15,288.1808166503906,291.59991108522576,285.4943853087344,286.7154904640327,35506445,0.005110646045691558,283.7360137939453,283.18407348632815,57.29726589782004,0.3473900309035167,0.014897087231362967
2025-01-16,290.86724853515625,293.30945885031286,288.18081718848396,292.0883536927346,33591167,0.009322035782918459,284.0901336669922,283.58459533691405,58.201068695628024,-0.05394169988012032,0.01391331553034284
2025-01-17,296.4843444824219,296.72856552400543,289.4019342764991,291.1114815675839,35667354,0.019311544959269344,284.7739532470703,283.9900018310547,62.200950644225884,0.061807528151671454,0.014423912050589557
2025-01-20,298.6823425292969,298.9265635779717,294.77480575049987,297.94967938327244,27879358,0.007413538312493584,285.55546112060546,284.2928356933594,75.54345205553876,-0.2183508201926052,0.014460011143945658
2025-01-21,294.286376953125,298.43813496823134,292.8210505948522,297.21702966967064,24194618,-0.014717862257761949,286.3003356933594,284.5517102050781,70.55840783295847,-0.1321673189174586,0.014566750322837718
2025-01-22,298.19390869140625,298.6823508022849,293.5537086380592,294.77481391525583,23395068,0.013277990570741416,287.2650085449219,284.9180419921875,68.98397651572913,-0.03304660565419959,0.014711962639565783
2025-01-23,302.5898742675781,304.5436426244309,295.99590606319987,298.9265585984791,38920626,0.014741969731920879,288.3151580810547,285.42602172851565,64.41720048940992,0.6636252564001952,0.014868462407530578
2025-01-24,301.8572082519531,303.8109765901535,298.9265557446526,302.8340924210533,25724625,-0.0024213170298524878,289.24319915771486,285.8656195068359,64.81480624424378,-0.33904904304468275,0.014918606788080196
2025-01-27,299.4150085449219,305.2763137692923,297.70546118781385,300.1476716979682,44353911,-0.00809057938743274,290.01249542236326,286.1928759765625,66.45571272090254,0.7241810522019272,0.01513433472254051
2025-01-28,304.54364013671875,305.5205243071653,297.7054509435927,299.90344032709754,37742137,0.01712883938824805,291.4533981323242,286.6422424316406,71.186439481385,-0.14906856804578072,0.013432495675814813
2025-01-29,305.7647399902344,307.2300662202195,301.8572033769406,304.54363479858006,32487977,0.004009605496826163,293.01641235351565,287.30652404785155,70.85714693743483,-0.13921204302766432,0.013249790660265418
2025-01-30,305.7647399902344,309.1838345268664,304.7878558369109,306.00896102856524,30495540,0.0,294.2619384765625,288.1271063232422,72.94117301151753,-0.06132844159548623,0.012623541469970303
2025-01-31,309.6722717285156,310.40493483197423,305.7647351767362,306.0089562112224,32123757,0.012779536771983846,295.1899780273437,288.85488464355467,81.87137408847535,0.053391971416148154,0.01034859578092991
2025-02-03,306.4974060058594,310.6491636967754,304.54363768072244,307.71851120906996,35289967,-0.010252340982726427,296.00811767578125,289.5240496826172,73.96452197985423,0.09856287980263323,0.010686047770932565
2025-02-04,296.4843444824219,308.93961760318257,296.2401234408383,307.47429135368134,39064740,-0.03266931898029202,296.4965591430664,289.66569763183594,58.33335375146398,0.1069644808678909,0.012964006138713863
2025-02-05,296.72857666015625,299.65922926914544,290.62305039142876,297.21701876165446,37613460,0.0008237607896657284,297.0216339111328,289.8561901855469,56.185596228043615,-0.037150637633835526,0.012940797087530667
2025-02-06,306.253173828125,308.9396051774945,299.4149849388208,299.4149849388208,38126039,0.0320986851862175,297.93746185302734,290.2664813232422,59.52381094057842,0.013627541842733848,0.014589002165940319
2025-02-07,314.8009033203125,315.04512434693805,304.7878412286656,306.25316738841883,37332540,0.027910664191139523,299.341731262207,290.95030029296873,63.98304793078964,-0.02081252133220557,0.015471835803378284
2025-02-10,312.84716796875,316.0220416483704,311.13762060280055,314.8009363869779,24088178,-0.006206257132542414,300.8314804077148,291.6390032958984,66.81418473597141,-0.3547672352323201,0.015145341923372526
2025-02-11,312.114501953125,312.60294405320815,306.25319675212734,312.114501953125,27260246,-0.002341929512681973,302.10142974853517,292.3032843017578,63.38030152098081,0.1316856758531093,0.015115750187510569
2025-02-12,309.6722717285156,313.82402931478117,308.69538759057076,312.60292414235016,37862912,-0.007824789329962556,303.1760025024414,292.88941467285156,57.07316746091831,0.3889424182012151,0.01535682482417271
2025-02-13,311.8702697753906,314.06825914733935,311.13760665140774,312.60293289937357,22660735,0.007097820010187883,304.2261535644531,293.4804296875,59.715650195374266,-0.4015057531760896,0.015322094787492016
2025-02-14,309.4280700683594,315.53359631280216,307.7185227199154,312.3587226656919,26200192,-0.007830819233876074,304.87333984375,293.9346807861328,59.715650195374266,0.1561933891376428,0.01505731082434184
2025-02-17,312.114501953125,314.06827035345754,307.23008095229363,310.16073355279246,31432655,0.008681926898784997,305.5449478149414,294.3058972167969,57.71146041598281,0.1997108647142738,0.015082869204746472
2025-02-18,317.4873352050781,319.44110342172473,311.13758850097656,312.60291466346155,41069874,0.017214301861436798,306.7049957275391,294.7845703125,61.00917588955915,0.3065989494046877,0.014874186379502365
2025-02-19,310.8934020996094,318.4642547823178,309.67229682820476,317.24314951091327,32683908,-0.02076912170751455,307.33997039794923,295.1557867431641,54.28573905894089,-0.2041877703350149,0.01567210143442079
2025-02-20,308.451171875,317.7315713455067,307.7185087589074,311.38182433937055,33188614,-0.007855522851613617,307.63303527832034,295.43908264160154,48.95397795806501,0.015442033431253055,0.015534584379482793
2025-02-21,302.1014404296875,310.16073512182953,298.438124660532,308.9396298654444,39089686,-0.020585856123398805,307.645246887207,295.6491125488281,46.42857674145531,0.17780411077124225,0.016263590655019117
2025-02-24,302.3456726074219,306.98587275244694,301.36878836636396,305.2763253305956,25538534,0.0008084442675513337,307.79178009033205,295.84937438964846,55.66040849815744,-0.3466682234285535,0.016147130232794935
2025-02-25,297.7054443359375,304.2994123400969,297.2170022615553,302.5898650797593,23823247,-0.015347427437830241,307.44987030029296,296.03009765625,50.86955151678471,-0.06716466184002579,0.016031146941809453
2025-02-26,301.1245422363281,302.83408951585307,297.9496687172103,298.6823318370067,25833012,0.011484834978471081,307.21786041259764,296.23524353027346,44.87805532206184,0.0843615062212133,0.01624018750742187
2025-02-27,308.451171875,309.4280560297902,300.39187759798097,301.12454071407365,51598698,0.02433089506507846,307.35218200683596,296.72856994628904,43.50001187109737,0.9973937998402973,0.017174991188023223
2025-02-28,301.1245422363281,306.25318407490306,298.6823318370067,305.7647419950388,48604438,-0.023752964185984715,306.92479553222654,297.09490173339844,39.189174736925054,-0.05802975881290651,0.01774225931596262
2025-03-03,307.2300720214844,312.35871392327385,302.5898722055796,304.05519846323375,49150523,0.020275762778460438,306.9614288330078,297.5784594726563,45.90163178829925,0.011235290900801997,0.01823334115296897
2025-03-04,309.91650390625,312.3587143389234,306.0089672139726,306.985851387042,35047448,0.008744039498118417,307.6330368041992,298.1890118408203,50.204091000665606,-0.28693641774676537,0.016570589955689333
2025-03-05,318.7084655761719,319.1969076690089,311.62605523003475,312.1144973228718,47800841,0.0283688075952917,308.73203125,298.9851721191406,55.14706557952438,0.36388934794910033,0.017552833036669612
2025-03-06,328.2330627441406,328.2330627441406,316.7546743892488,320.6622108504886,54894390,0.029884983289508282,309.8310256958008,299.918095703125,62.79068512349759,0.14839799575911217,0.017370530135252752
2025-03-07,327.9888610839844,330.6752925597281,325.5466506514901,327.0119769109867,33033527,-0.0007439886101499038,310.49042358398435,300.8119451904297,61.16838753588276,-0.3982349198160322,0.016416620387989307
2025-03-10,325.30242919921875,330.9195131868929,324.081323984507,327.9888606715847,27065446,-0.008190619266419952,311.1131866455078,301.637412109375,55.71430292800986,-0.18066738680371608,0.01647587263262792
2025-03-11,322.8601989746094,327.2561774780458,322.8601989746094,326.27929336617103,23776191,-0.007507568359146011,311.65047149658204,302.58010437011717,59.31555846123,-0.1215296803163709,0.016588982096974646
2025-03-12,325.7908630371094,328.7215154782228,324.5697578533121,325.54664200034995,31574967,0.009077192146345947,312.4564010620117,303.60583251953125,63.396219831291475,0.32800779569780536,0.016501854312684427
2025-03-13,329.942626953125,331.65217424303756,326.7677534147159,328.23307966321244,44492350,0.012743647496162858,313.3600189208984,304.5876007080078,72.26559983130568,0.4091020269316512,0.016629397139852047
2025-03-14,329.2099914550781,331.6522020741811,328.23310720743694,331.6522020741811,26900238,-0.002220493619792152,314.3491149902344,305.34957092285157,71.31783133463782,-0.39539633217845316,0.01648462908577509
2025-03-17,326.2793273925781,331.1637484613293,325.54666423226547,329.69842214070394,25636817,-0.00890211153539644,315.057356262207,306.0724652099609,73.30679492457911,-0.04696690787642843,0.01664678600983437
2025-03-18,319.4411315917969,324.3255525641485,319.1969105431793,323.3486683696782,29487095,-0.020958103154827046,315.155046081543,306.7269775390625,64.15095407266853,0.15018549299626383,0.01703692006871021
2025-03-19,294.286376953125,311.3818511329746,288.18085046032155,301.8572298042012,63125592,-0.07874613551900478,314.32469482421874,306.88816345214843,41.42013168742536,1.1407870799073287,0.024244281574232154
2025-03-20,300.8803405761719,308.9396354130336,295.7516984072599,295.7516984072599,54152829,0.022406622050660463,313.94615325927737,307.1470379638672,49.85075807141082,-0.14214144716456678,0.024826810286376226
2025-03-21,279.1446533203125,299.6592210183932,275.7255587039657,299.17077893034366,52546154,-0.0722403039501901,312.7983139038086,306.99562072753906,35.58897117521768,-0.02966927175679035,0.029267593979387642
2025-03-24,295.99591064453125,298.6823421767836,284.7617424187487,287.9366160477742,55342576,0.060367473006485595,312.48082580566404,307.25449523925784,43.76367848225038,0.05321839539388562,0.03257482250619514
2025-03-25,304.7878723144531,307.9627459843954,299.41500918070477,300.8803354899089,43119513,0.02970298356750045,312.83494720458987,307.6159423828125,43.76367848225038,-0.22086183700592465,0.03305157733977149
2025-03-26,302.5898742675781,306.49741098128374,300.6361059107253,301.8572111337583,30936805,-0.007211566622333687,312.90821380615233,307.90412353515626,37.70493098586356,-0.2825335249032149,0.033024837063554704
2025-03-27,301.3687744140625,308.69540588279983,300.8803323161467,307.9627427359261,30775578,-0.004035494764890291,312.5540939331055,308.11415405273436,37.35499633676482,-0.005211494852167209,0.032565709111904206
2025-03-28,303.81097412109375,304.29941620167426,295.50745875122465,302.10142683906184,25046525,0.008103691936165225,312.68841552734375,308.2606866455078,39.767442941774426,-0.18615582134639352,0.03215253334030973
2025-04-02,297.9496765136719,302.34565534748015,297.9496765136719,301.61299220851214,17269939,-0.019292580277517124,312.2243957519531,308.2460333251953,38.513524542872986,-0.31048562624954956,0.03211787143159813
2025-04-03,296.9728088378906,301.3687879160831,296.9728088378906,298.4381351972881,18371736,-0.003278633114194407,311.5772109985352,308.2997619628906,36.46789989991826,0.06379854613267599,0.032037669742592055
2025-04-04,297.7054443359375,300.88031781942163,296.7285601871731,298.6823284847019,24782039,0.00246701205040889,310.5270599365234,308.28999267578126,34.36017778514767,0.34892200715272637,0.031275480780629264
2025-04-07,302.8341064453125,306.7416433026714,287.9366221766318,291.59993798040574,49075770,0.017227303722358922,309.25711212158205,308.2948773193359,37.72726536915828,0.9802958909071202,0.030699283468497575
2025-04-08,301.1245422363281,307.4742892745637,301.1245422363281,306.74162615476735,28235708,-0.0056452168781494505,307.91389617919924,308.28022399902346,38.16091022898781,-0.4246507390510633,0.03069516993367594
2025-04-09,298.9265441894531,303.566743813309,298.4381021237841,299.90342832079125,32425908,-0.007299298923134523,306.59510192871096,308.27045471191406,39.903835756013045,0.14840074135913284,0.030689116334489557
2025-04-10,298.9265441894531,307.9627224043304,298.9265441894531,307.47428033866134,27575977,0.0,305.39841918945314,308.1581127929687,53.03512221412674,-0.1495696280887493,0.030686806470440982
2025-04-11,302.8341064453125,302.8341064453125,298.9265695879536,299.6592327487084,26415836,0.0130719815011906,304.2505813598633,308.0995001220703,51.32450098208496,-0.04207071249007788,0.030785047133223425
2025-04-14,306.00897216796875,307.71851949851606,304.54364588464244,305.52053007352663,23820445,0.010483844636665962,303.0538986206055,308.104384765625,74.3362807393138,-0.09825132924053581,0.03072759321972926
2025-04-15,312.60296630859375,313.0914084434509,305.03211321830753,306.2532185554505,37597322,0.021548368643928395,302.2235473632812,308.1629986572266,68.47827415676618,0.5783635444258073,0.03122713104327755
2025-04-16,312.35870361328125,315.0451349969764,310.6491563691116,312.6029246481626,27672822,-0.0007813831653515901,301.5275161743164,308.280224609375,60.40263503285404,-0.26396826880382596,0.03118695761293368
2025-04-17,316.02203369140625,317.73158101431187,312.60293904559506,313.09138113785383,29681244,0.011727959028349666,301.3565612792969,308.67097839355466,67.74190167613799,0.07257741910095028,0.030980702390964662
2025-04-18,311.62603759765625,316.2662372170571,309.6722693368559,316.022016184457,17561301,-0.013910410114133631,302.2235443115234,308.9689276123047,62.49994421494058,-0.40833675973958505,0.025160396114987434
2025-04-21,307.7185363769531,312.6029575892857,306.7416521344866,311.62607334681917,18774590,-0.012539071673298818,302.5654541015625,308.99823486328125,54.5977230241996,0.06908878789788986,0.024966899683286255
2025-04-22,312.60296630859375,313.8240716457367,309.18387136459353,309.18387136459353,22775757,0.015873044208351672,304.2383697509766,308.9542761230469,67.64705233779092,0.2131160786999875,0.018119254323348127
2025-04-24,314.0682678222656,316.022036206852,310.6491731492394,314.8009309664855,16088858,0.004687420375356854,305.1419876098633,308.9786981201172,70.34877976484537,-0.2935972226960447,0.01279326500082574
2025-04-25,310.40496826171875,316.0220526598458,310.40496826171875,314.5567262951171,16262264,-0.011664023194536743,305.42284240722654,308.94450744628904,64.13043773531601,0.010778017930172634,0.011539019801377608
2025-04-28,305.5205383300781,311.38184362178225,305.5205383300781,310.64918046031926,16149088,-0.01573566930643422,305.5693756103516,308.8614727783203,53.00545925700843,-0.006959424591803431,0.01200537652693184
2025-04-29,290.86724853515625,299.1707636066888,290.86724853515625,298.43810051214183,28399308,-0.04796171764757351,305.04429931640624,308.4414123535156,41.10170097293004,0.7585703910957695,0.016180520177286977
2025-04-30,277.6793212890625,293.30946778202645,276.70243713325226,291.8441415483111,33320216,-0.04534002130700443,303.7377166748047,307.8064373779297,34.519596058775946,0.1732756305188845,0.01870222182653295
2025-05-02,285.9828186035156,288.180807815669,278.9004089199102,278.9004089199102,21047856,0.02990318931890945,303.1393737792969,307.2838037109375,41.58730133543211,-0.3683157396098513,0.019830246501279642
2025-05-05,287.2039489746094,289.64615942507373,280.36575971330916,288.18083315479515,19284842,0.004269943128250464,302.6509307861328,306.67813598632813,39.473685292232865,-0.08376216560964689,0.019873578473271716
2025-05-06,285.0059509277344,289.401929605283,284.5175088524512,287.44816130415023,15717504,-0.007653091312714966,302.01595611572264,306.16038696289064,35.6666734699743,-0.18498144812386852,0.019896592787184014
2025-05-07,272.30645751953125,284.27328838810257,269.8642471381902,283.7848463118344,27150834,-0.0445586955881605,300.4895736694336,305.43749267578124,24.61537692561454,0.7274265684933181,0.021489186347212554
2025-05-08,278.4120178222656,278.9004599587959,272.55071218390214,274.016038593493,15393943,0.02242165080604619,299.3539474487305,304.9637042236328,30.08599240723244,-0.4330213576496398,0.022349302120926288
2025-05-09,287.2039489746094,289.64615942507373,278.9004334430305,278.9004334430305,27735690,0.03157884929362642,298.76781768798827,304.6608697509766,34.05405314127948,0.8017274716425804,0.023669085420392273
2025-05-12,302.3456726074219,302.58989366768634,295.75170398028104,298.43813564319026,25067318,0.05272115403312627,298.9387741088867,304.75367431640626,45.41064522525944,-0.09620716124242812,0.026623227778149502
2025-05-13,297.46124267578125,301.368779525381,295.99591635718133,300.39189531298103,19280816,-0.016155117715154987,298.67013092041014,304.6804083251953,44.976073980382665,-0.2308384965635334,0.026722311313770085
2025-05-14,292.08837890625,296.2401368004024,292.08837890625,296.2401368004024,23810847,-0.01806239939428822,297.9741012573242,304.3531524658203,39.99999404958127,0.23495017015877329,0.026863702145491917
2025-05-15,286.9597473144531,294.04215809923534,285.4944209451878,292.82105279151426,16721515,-0.017558492436438145,296.6919403076172,304.0698565673828,37.24139278192137,-0.2977353976530108,0.026481405519678595
2025-05-16,286.2270812988281,289.40195506750115,282.07532329364034,287.2039655353429,30633725,-0.00255320135483017,295.3853591918945,303.64979675292966,38.297878625760944,0.8319945890070368,0.02647325611183112
2025-05-20,280.12152099609375,286.95970982598965,279.3888579071763,286.95970982598965,28204042,-0.021331176194191115,293.59033355712893,303.05389709472655,37.850464697554635,-0.07931399136082862,0.02646994962023299
2025-05-21,273.2833557128906,280.3657661826617,273.2833557128906,280.12154513197993,42495427,-0.02441142422362641,291.67319946289064,302.14539489746096,40.90910668671478,0.5067140731105138,0.026744555017276975
2025-05-22,277.6793212890625,280.8541947954458,271.818016354201,276.9466581722048,49323964,0.01608574208518654,290.1712387084961,301.1343200683594,50.0,0.16068874893291452,0.027150508179032865
2025-05-23,273.2833557128906,279.63310303061644,273.2833557128906,276.946671473117,35288228,-0.015831087297983215,288.20525817871095,300.0402099609375,42.441883273977915,-0.28456220590867354,0.026805014220484907
2025-05-26,273.527587890625,276.21401955740794,272.7949247087751,275.96979849679127,25342423,0.0008936957653249422,286.17822418212893,299.0047131347656,41.7647195024288,-0.28184484072138727,0.026736076171081726
2025-05-27,268.6431579589844,276.4582316450639,268.6431579589844,274.0160211181641,26579753,-0.01785717473439552,284.0901336669922,297.9203723144531,40.45585394560056,0.048824455341148765,0.026834144401314063
2025-05-28,270.1084899902344,272.55070056880794,268.15472152737556,269.13160575880494,21458274,0.005454566728528842,282.31953125,296.8067248535156,48.5246056116732,-0.19268346850326257,0.026883409978188093
2025-05-29,272.0622253417969,274.50443562314155,270.84112020112457,272.30644636993134,24116391,0.007233150470883576,281.37928009033203,295.64911682128906,45.48607706318842,0.12387375610918183,0.025101123041209778
2025-05-30,266.93359375,273.7717827939158,266.6893727127173,272.5506776075023,24838082,-0.01885095067995446,280.8419937133789,294.4035888671875,34.79852557697352,0.029925331696604163,0.02339223824475692
2025-06-02,269.37579345703125,270.10845653986996,265.71247804283774,266.20092009806353,23231977,0.009149090875832266,280.0116424560547,293.26551818847656,19.45695447367126,-0.06466300417238335,0.022353149488169667
2025-06-03,277.1908874511719,277.67932954359685,271.3295823420722,271.57380338828466,22246363,0.029011864406395693,279.5109893798828,292.4205133056641,32.1888241688758,-0.04242488704254488,0.023421276738835387
2025-06-04,280.3657531738281,280.8541952525282,275.23711134747765,276.70243758357776,21146096,0.011453716072161724,279.2789794921875,292.1421008300781,39.28569237008595,-0.04945828673208286,0.023547012666760885
2025-06-05,279.8773193359375,280.3657614290194,278.1677720101508,279.14465619631466,5311968,-0.0017421308856784279,279.6575225830078,291.72204040527345,42.92680637278358,-0.7487967518921697,0.021161632438417684
2025-06-10,284.2733154296875,286.4713049819789,282.31954693876185,282.31954693876185,28557448,0.01570686793835363,279.9505874633789,291.8246136474609,48.18181973089535,4.376057988301135,0.020864793348775636
2025-06-11,283.78485107421875,285.25017732761404,282.563745863056,284.2732931586838,21086678,-0.0017182912674389428,279.7796325683594,291.5803924560547,53.80712430812715,-0.261604958538312,0.019607697842736554
2025-06-12,272.30645751953125,280.60997281609093,271.5737944051289,280.36575177795686,34285321,-0.04044752040582156,278.27767181396484,290.93076416015623,49.07406068256459,0.6259232962157435,0.017243354647226036
2025-06-13,257.6531982421875,260.3396296930539,252.52455638144252,256.4320930372482,37717566,-0.05381164813652184,276.28726959228516,290.03203063964844,34.10853013542051,0.10010829415889089,0.020301425234338637
2025-06-16,262.5448303222656,265.5142346237427,256.8534720777679,260.81267781307065,28020896,0.018985334214559613,274.8100921630859,289.2555517578125,41.545093953545596,-0.25708631357601386,0.02091591051172907
2025-06-17,259.08050537109375,263.28716114120704,258.8330550316753,262.54481012295173,21056327,-0.01319517488468358,273.41613006591797,288.3609423828125,39.1741270504812,-0.24854911848643246,0.020801641526859514
2025-06-18,254.6264190673828,258.09072408870776,253.38916727405248,257.5958233713756,27511803,-0.01719190063077547,271.8360969543457,287.4944772338867,39.42842188583583,0.306581295018832,0.020971979509088037
2025-06-19,249.42996215820312,256.85347293672106,249.42996215820312,255.36877078101747,20781123,-0.020408160819339494,270.3015190124512,286.54362030029296,35.23501720127011,-0.24464699750866925,0.02093657331968045
2025-06-20,254.1315155029297,255.86366799418627,251.40956158809792,254.62641621471727,19876258,0.01884919239070637,269.34392700195315,285.6721417236328,37.680449258870894,-0.04354264204104852,0.02112192817030773
2025-06-23,250.4197540283203,251.40955542764175,246.65850569026475,250.4197540283203,27919468,-0.014605671662815012,267.980948638916,284.623854675293,38.4286401930023,0.4046641978585708,0.020742338492231966
2025-06-24,271.70050048828125,272.9377523119984,262.29738662803106,267.2463939228996,60708109,0.08498030254256328,267.90180587768555,284.03537384033206,51.28871072084973,1.1744006368602724,0.02868593821148159
2025-06-25,268.7310791015625,272.9377350359332,267.74127770524,272.6902846868526,23663253,-0.010929024353589,267.66198043823243,283.43146453857423,45.04401391768741,-0.6102126488571733,0.028790228161135984
2025-06-26,262.5448303222656,269.96834107595834,262.2973799638092,268.97853964213266,17081008,-0.023020220809513714,267.3570640563965,282.70383026123045,39.91581836882288,-0.27816315026509664,0.02897663105074312
2025-06-27,265.0193176269531,266.99892037299946,260.56521144834886,262.5448141943952,25137482,0.009425008680042035,267.10260543823244,281.9475344848633,41.77724258018534,0.47166267939222317,0.029034953603920024
2025-06-30,280.60870361328125,281.10360432512124,265.7616822580812,266.5040333258412,60838790,0.05882358360107198,267.52992935180663,281.43952911376954,48.19548759192972,1.420242011510938,0.03191251144221376
2025-07-01,287.5373229980469,289.51692591025375,279.8663617132453,281.3510638974004,37385296,0.024691391591025846,268.560115814209,280.9382162475586,51.73757122415532,-0.385502308642233,0.03189875278066746
2025-07-02,288.0321960449219,292.98120284981746,285.5576926424741,287.7847457046771,36959749,0.001721074126012967,269.4929359436035,280.4516860961914,58.1063134735069,-0.011382737213047611,0.03188133908929282
2025-07-03,288.527099609375,292.73375543558376,288.03219892393867,291.99140440742923,24795522,0.001718223071062397,270.0597465515137,279.90178741455077,68.63499520345175,-0.3291209309890064,0.03132596333069381
2025-07-04,289.7643737792969,292.23887739824903,288.2796716079256,289.26947305550647,22878532,0.0042882424964483246,270.5296775817871,279.4645541381836,67.18749638687389,-0.07731194366466654,0.03125864327253182
2025-07-07,284.5679016113281,288.27965684973674,283.5781002144192,285.55770300823707,22479863,-0.017933440540646717,270.76420669555665,279.0015414428711,65.74923674270639,-0.01742546243788723,0.03157165209059669
2025-07-08,277.6392822265625,288.2796468751741,276.15458018257016,286.300044149851,30031285,-0.02434785984481469,270.43250503540037,278.3022677612305,63.79819878900683,0.3359193959500555,0.0318783569412807
2025-07-09,283.8255615234375,284.56791259978473,278.3816536302242,278.62910398900664,23296990,0.02228171477488128,270.43454055786134,277.6974136352539,70.38121364130366,-0.22424265228743956,0.032287352267317965
2025-07-10,288.0321960449219,290.2592491071249,286.30004366320844,286.5474940034532,34795243,0.014821196860864916,271.22082748413084,277.249958190918,70.2064652612489,0.49355101238400323,0.030935718038005353
2025-07-11,290.0118103027344,293.9710159041369,287.7847571519454,292.98121450378625,34145288,0.0068728922842491436,272.8387580871582,276.9397836303711,74.09636708056456,-0.018679421207088542,0.027867595443781416
2025-07-14,288.0321960449219,292.2388518290831,287.7847457046771,290.2592491071249,32569360,-0.006825978072224181,274.11312637329104,276.8830825805664,62.992091957996635,-0.0461536010473832,0.027846449024864373
2025-07-16,282.0934143066406,290.25927629972756,277.6393077649568,288.0322230288857,40611252,-0.02061846494881092,275.26377182006837,276.97136444091797,60.15038604927837,0.24691587430640327,0.028149569748147987
2025-07-17,286.300048828125,287.5373005516692,282.09339296807474,286.54749917283385,29728257,0.014912203930119716,276.84745330810546,276.97770904541017,68.60463837864684,-0.2679797953532681,0.027752275693343802
2025-07-18,286.0526123046875,288.774566228002,284.56791016469776,286.5475130180174,33276220,-0.0008642559596140353,278.6785858154297,276.9546823120117,67.06828363476069,0.11934648573577666,0.02710121179970348
2025-07-21,291.0016174316406,292.4863195613939,287.53731246221633,287.7847628171752,31054005,0.017301031048378324,280.52209091186523,277.07459564208983,60.19417591976728,-0.06678087234667884,0.027068414703710703
2025-07-22,294.2184753417969,295.20827677271967,291.4965214067592,291.4965214067592,37359500,0.011054433094042526,282.71202697753904,277.51283599853514,57.06805775630619,0.20304933292823257,0.026587577410786493
2025-07-23,291.49652099609375,296.44552814373543,290.75416992394753,295.70317707158915,24710463,-0.009251473220847184,283.7018280029297,277.7745260620117,53.50001942416896,-0.33857618544145396,0.019784967756537437
2025-07-24,292.981201171875,295.70315489897854,290.2592474447714,292.981201171875,27444494,0.005093303243235425,284.9143341064453,277.890071105957,54.411761149708234,0.11064264558701309,0.01948327016710213
2025-07-25,290.0118103027344,293.9710159041369,290.0118103027344,293.2286648538739,15138879,-0.010135090092004417,286.2876831054688,277.6433938598633,50.23695380511338,-0.44838192316462455,0.01872332733259921
2025-07-28,287.28985595703125,291.4965119012772,287.04240560736974,290.7541608522926,17995538,-0.009385667234936945,287.40121002197264,277.4399661254883,52.73632237634503,0.18869686454327295,0.018968209916819467
2025-07-29,282.3408508300781,288.03220890991315,282.3408508300781,287.04240750472445,19619086,-0.01722652235828792,287.4878173828125,277.24501556396484,54.922299989328586,0.09021947551665299,0.014552801413845063
2025-07-30,284.3204650878906,286.05261761671153,282.3408621978096,282.5883125590697,22915366,0.007011434059196464,287.3269744873047,277.1922299194336,50.56818619773875,0.16801394315718898,0.013498931800236447
2025-07-31,285.06280517578125,286.79495763778687,283.08320236206055,285.5577058792114,28385427,0.0026109273831596003,287.17850494384766,277.1689443969727,46.296306164816876,0.2387071190571428,0.01350801673589842
2025-08-01,285.8051452636719,287.7847480014289,283.82554252591484,285.55769492145225,29061004,0.002604128193549826,287.0424072265625,277.2826168823242,44.58596224423106,0.02380013518908841,0.01351688551720477
2025-08-04,291.49652099609375,293.47612385515043,287.53731527798044,288.03221599274457,36501829,0.019913482408342453,287.12901458740237,277.6468801879883,54.069799541247235,0.2560415669052589,0.01423386930087102
2025-08-05,292.486328125,294.9608317470389,292.2388777627961,293.2286792116117,22228274,0.0033956052906700673,287.5249359130859,277.94302032470705,63.81580922414346,-0.3910367066811913,0.013572047057654855
2025-08-06,305.3537292480469,308.0756830744071,294.96081463830785,295.4557153340097,70872223,0.04399317125533386,288.91065826416013,278.58442779541014,70.58826245038017,2.188381742999929,0.015233606386420288
2025-08-07,305.8486328125,308.5705866643912,302.8792286104369,306.59098386301577,40809896,0.0016207549377957875,290.0118118286133,279.23084869384763,71.27660411916126,-0.4241764365144861,0.014681827503473365
2025-08-08,311.04510498046875,311.5400057043836,306.0960977413205,306.3435481032779,34231549,0.01699033969903163,291.16245727539064,280.07888763427735,71.42859007228073,-0.16119489743370086,0.014774896105541445
2025-08-11,312.52978515625,314.50938791258415,308.57057964358177,313.5195865344171,34537595,0.0047731989734236535,292.2883560180664,280.9273135375977,70.3296725636072,0.008940466001114977,0.014760511645695237
2025-08-12,316.2415466308594,318.46859977614713,308.5705857970905,312.0348906897603,41165145,0.011876504739392058,293.6988235473633,281.8108999633789,76.8817329069449,0.1918937899410773,0.014640612300671993
2025-08-13,320.943115234375,321.6854663104761,314.01450519076474,317.47881021256984,31590210,0.014867017485857614,295.64130859375,282.8910903930664,78.39198751597377,-0.23259811182494317,0.013506456470743517
2025-08-14,322.6752624511719,327.87171989862173,318.9635071315648,319.2109574862053,35978676,0.005397053666447826,297.46006927490237,283.9570797729492,84.02062248893861,0.13891854470103238,0.013363512622499109
2025-08-15,327.624267578125,327.87171793128067,321.4380087492329,322.92271086816703,24854745,0.01533741722051607,299.53865203857424,284.96574737548826,90.14778714180179,-0.3091812216769734,0.013411257050843764
2025-08-18,330.5936584472656,331.83091016301137,325.6446515842826,327.87170467262496,24014896,0.009063403303702255,301.5182540893555,285.97030548095705,100.0,-0.03379028833327402,0.013199580340558624
2025-08-19,335.04779052734375,336.0375919764644,326.63447820981816,331.3360350931413,33939647,0.013473132246390795,303.5597198486328,287.07371490478516,100.0,0.4132747857829573,0.013254660808231643
2025-08-20,335.29522705078125,337.02737951525023,330.5936703615083,335.04777669871424,25992738,0.0007385111331372762,305.74965515136716,288.09415313720706,100.0,-0.2341482514535287,0.012806475314702252
2025-08-21,333.5630798339844,338.0171862412631,332.32582805418474,336.5324841055035,26330388,-0.005166036009616515,307.7787490844727,289.0897177124023,96.6183681372695,0.012990166715026286,0.01309336697209761
2025-08-22,334.0579833984375,335.54268554687496,330.59367838541664,334.0579833984375,23038084,0.0014836880769282246,309.98105773925784,290.32474822998046,96.23656983420989,-0.12503818781553844,0.012559206681710204
2025-08-25,334.8003234863281,337.76972768576337,332.8207206867046,334.8003234863281,29965988,0.0022221893347336152,312.35658111572263,291.8676907348633,96.21622558519209,0.3007152851773611,0.012010141337206112
2025-08-26,339.9967956542969,342.71874962241714,334.3054373573181,335.29523880027097,34867256,0.015521108563627095,315.23937835693357,293.4167300415039,95.4545600151197,0.16356103459695714,0.010572150488833506
2025-08-27,335.29522705078125,342.4712872607242,335.04777669871424,341.48148585245616,22120352,-0.013828273276716763,317.7881164550781,294.94102447509766,84.79531151508857,-0.36558380160457704,0.011776874882316615
2025-08-28,336.532470703125,340.73912658691404,334.3054175881779,335.54266931870404,20691413,0.0036900127187207143,320.3615997314453,296.5791455078125,83.225785918317,-0.06459838432950793,0.011751670255794804
2025-08-29,331.5834655761719,337.02737321995977,330.34621383894734,336.7799228725149,18346545,-0.014705877018681313,322.6505157470703,298.2222155761719,72.78106206611697,-0.11332565832985886,0.012792231990396625
2025-09-01,334.0579833984375,336.7799373372396,331.3360294596354,331.58347981770834,17815923,0.007462729837767412,324.7785888671875,299.82074493408203,71.95122226341512,-0.028922175810213835,0.012456568424819792
2025-09-02,327.5,336.0,316.5,335.5,35955211,-0.019631272786005183,326.5292724609375,301.36234985351564,57.72519843695393,1.0181503366398696,0.013791197024408135
2025-09-03,329.25,333.25,319.5,326.25,32674168,0.005343511450381699,327.72408599853514,302.51333984375,57.7429749648326,-0.091253615505135,0.010456353955724923
2025-09-04,322.5,334.0,321.25,329.5,35176179,-0.02050113895216399,328.55665435791013,303.5887182617187,44.21080141054655,0.07657458944325679,0.011787301954134712
2025-09-05,319.5,327.5,319.0,324.0,27203856,-0.009302325581395321,328.9793991088867,304.72782165527343,37.475477546149065,-0.22663982350101186,0.011576329636163004
2025-09-08,309.0,315.5,307.5,313.25,27586255,-0.032863849765258246,328.8029098510742,305.60743530273436,24.12485782122701,0.014056794007437867,0.013838263996460065
2025-09-09,316.75,320.75,310.5,310.75,40493190,0.025080906148867266,328.8283325195313,306.33026123046875,33.96745209943562,0.467875577891961,0.014743972932194866
2025-09-10,322.5,322.75,312.5,318.25,34820863,0.01815311760063132,328.9061767578125,307.02951477050783,41.05710731964597,-0.14008101115273952,0.014933303744732567
2025-09-11,316.0,324.75,314.5,323.25,30023616,-0.020155038759689936,328.5724136352539,307.58887084960935,36.69450730524445,-0.13776933098987232,0.015558589267489261
2025-09-12,314.0,316.5,311.0,315.25,21179398,-0.006329113924050667,327.89120025634764,308.09832885742185,34.952771060292235,-0.2945753769299474,0.01511431601387426
2025-09-15,331.75,332.5,310.25,313.25,52033362,0.056528662420382236,327.9490173339844,308.93804138183594,44.9511672078001,1.456791359225602,0.01991053128821888
2025-09-16,327.0,331.5,325.0,331.5,40226846,-0.014318010550113058,327.5466278076172,309.78668334960935,44.92452646988528,-0.2269028090093429,0.019917023845983504
2025-09-17,321.5,327.25,321.25,327.0,34230277,-0.016819571865443472,326.85686645507815,310.6638977050781,41.2583116174175,-0.14906883328610943,0.020219686649065097
2025-09-18,317.75,326.0,317.0,323.0,34917799,-0.011664074650077794,326.0662124633789,311.3423864746094,41.84179201073518,0.02008520118022994,0.020326739351569326
2025-09-19,319.75,322.0,313.25,319.0,43870527,0.006294256490952055,325.350813293457,311.97674255371095,41.514455202410474,0.2563943964509332,0.020401342066765128
2025-09-22,326.0,330.25,324.5,327.5,43892594,0.019546520719311955,324.9107971191406,312.6965063476562,49.10714285714286,0.0005030028474470871,0.020950054857076118
2025-09-23,324.75,327.5,320.0,323.0,40017266,-0.0038343558282208923,324.1484573364258,313.4308624267578,47.305389221556894,-0.08829115909622476,0.020584500506755955
2025-09-24,324.0,327.5,317.75,326.0,42762282,-0.002309468822170868,323.58369598388674,314.268994140625,50.96774193548388,0.06859579062697585,0.020399174117442513
2025-09-25,328.25,332.5,325.5,325.5,39070278,0.013117283950617287,323.1695724487305,315.1079931640625,55.55555555555556,-0.08633786195039828,0.020633391568647158
2025-09-26,319.75,329.5,319.25,329.25,54508756,-0.025894897182025867,322.57789916992186,315.78194091796877,57.00325732899023,0.39514635652195773,0.021168037313041798
2025-09-29,319.25,324.5,316.5,318.0,37562966,-0.0015637216575449253,321.8375,316.34690856933594,51.79856115107915,-0.3108819801354483,0.0210604867007725
2025-09-30,315.0,323.75,314.0,321.25,33491387,-0.013312451057165275,321.2125,316.7625390625,44.48529411764706,-0.10839343730204909,0.020829079664995333
2025-10-01,315.75,318.75,311.75,315.5,44237945,0.0023809523809523725,320.5375,317.24760864257814,49.799196787148595,0.3208752745892549,0.02078654270701797
2025-10-02,315.0,318.5,314.5,315.75,39859117,-0.002375296912114022,320.1625,317.68798461914065,50.81967213114754,-0.09898353099358481,0.020322271240603467
2025-10-03,311.0,317.25,310.75,316.0,31181374,-0.012698412698412653,319.7375,318.1077484130859,28.042328042328037,-0.21771036724170278,0.020409452319388007
2025-10-06,305.5,317.0,304.0,312.5,40200172,-0.01768488745980712,319.5625,318.4719512939453,27.604166666666657,0.2892367090686896,0.019426702766809897
2025-10-07,313.75,314.5,305.5,306.25,32264093,0.027004909983633363,319.4125,319.1001342773437,42.364532019704434,-0.1974140558403581,0.019563767333650908
2025-10-08,310.25,316.75,307.5,313.5,41143341,-0.011155378486055745,318.8,319.61872497558596,42.574257425742566,0.2752052568159904,0.0192034067207538
2025-10-09,312.5,318.25,310.75,316.75,37074561,0.00725221595487513,318.625,320.1674688720703,42.857142857142854,-0.09889279531285511,0.018795360341138694
2025-10-10,313.75,317.75,310.75,313.25,36347821,0.0040000000000000036,318.6125,320.7263659667969,36.612021857923494,-0.019602120170755355,0.018765514730041795
2025-10-13,309.0,312.25,307.75,309.5,29718699,-0.015139442231075662,317.475,321.076435546875,34.01015228426395,-0.1823801762422017,0.013544312241185864
2025-10-14,302.0,310.25,300.25,309.25,31639213,-0.02265372168284785,316.225,321.266708984375,30.180180180180173,0.06462308461080335,0.014016099121702987
2025-10-15,300.75,306.25,298.0,302.75,41747312,-0.004139072847682113,315.1875,321.17463439941406,23.80952380952381,0.3194801021125273,0.013682585544852218
2025-10-16,296.0,302.0,295.5,299.25,38875850,-0.015793848711554426,314.1,320.97766174316405,25.641025641025635,-0.06878196133921144,0.013846563577140576
2025-10-17,292.0,296.0,287.75,295.0,57747825,-0.013513513513513487,312.7125,320.59675964355466,23.923444976076553,0.48544211895045386,0.013821430905428238
2025-10-20,297.75,300.25,290.0,293.25,51523112,0.019691780821917915,311.3,320.30116394042966,33.95348837209302,-0.10779129776749163,0.013834729796346814
2025-10-21,294.5,298.75,293.0,298.5,30462184,-0.010915197313182246,309.7875,319.8663330078125,31.111111111111114,-0.4087666133210277,0.013909058385065586
2025-10-22,288.0,296.0,287.0,295.5,42484656,-0.022071307300509324,307.9875,319.207470703125,28.22580645161291,0.39466874732291024,0.014416608782840385
2025-10-23,284.25,290.25,283.75,288.5,40555813,-0.01302083333333337,305.7875,318.43896545410155,28.34008097165993,-0.045400932515494485,0.013784910319579532
2025-10-24,297.0,302.25,287.0,287.0,84622262,0.04485488126649084,304.65,317.82648010253905,43.84057971014493,1.086563077899585,0.017325705421108017
2025-10-27,295.0,298.5,293.0,297.0,27751916,-0.006734006734006703,303.4375,317.11460693359373,35.059760956175296,-0.6720494661322101,0.017333195479727413
2025-10-28,292.0,295.75,292.0,294.75,10268579,-0.01016949152542368,302.2875,316.2536511230469,35.34136546184739,-0.6299866647045198,0.01725650227588462
2025-10-30,290.0,294.75,289.5,292.75,27637939,-0.006849315068493178,301.0,315.3477465820313,31.854838709677423,1.6915057088230028,0.017210255435693045
2025-10-31,291.5,293.25,289.0,290.25,28385482,0.005172413793103514,299.825,314.50648498535156,32.1285140562249,0.027047711480946646,0.01733251065863649
2025-11-03,294.0,295.75,292.25,293.25,41693246,0.00857632933104635,298.975,313.7053253173828,37.5,0.4688229003826674,0.01740569297499642
2025-11-04,289.0,295.0,288.25,294.0,29538148,-0.017006802721088454,298.15,312.78931884765626,38.793103448275865,-0.2915363797771946,0.017375529160101835
2025-11-05,290.0,292.0,287.25,289.5,37593637,0.0034602076124568004,296.9625,311.7893829345703,40.69264069264069,0.2727147619410668,0.016005581615316518
2025-11-06,292.5,294.5,288.0,291.75,33000037,0.008620689655172376,296.075,310.9334783935547,46.846846846846844,-0.12219089097444868,0.016138082231096224
2025-11-07,289.5,298.25,288.0,296.0,42808807,-0.01025641025641022,294.925,309.9928289794922,47.706422018348626,0.2972351212818338,0.01603758379559518
2025-11-10,278.25,291.5,278.25,291.0,43267774,-0.03886010362694303,293.15,308.92615966796876,33.75,0.010721321899954006,0.0177296317860175
2025-11-11,273.0,281.0,266.5,278.25,54581700,-0.018867924528301883,291.35,307.705,32.66129032258064,0.26148620449020554,0.017851771228038063
2025-11-12,268.0,275.5,268.0,275.25,37544314,-0.01831501831501836,289.65,306.515,33.47107438016529,-0.3121446565423942,0.017664426327163835
2025-11-13,271.0,274.5,269.25,269.25,34972867,0.011194029850746245,288.1625,305.35,38.912133891213394,-0.06849098374789853,0.018068728037253644
2025-11-14,269.0,271.0,267.0,270.5,28455584,-0.0073800738007380184,286.8125,304.28,21.42857142857143,-0.18635255153659547,0.017902357566779117
2025-11-17,268.5,271.5,266.75,270.75,29682554,-0.0018587360594795044,285.6375,303.26,22.10526315789474,0.04311877767119454,0.01778692598244836
2025-11-18,267.5,269.75,266.75,267.5,22734301,-0.003724394785847296,284.125,302.43,23.07692307692308,-0.23408541596521648,0.01689091747636853
2025-11-19,277.5,278.75,268.5,268.75,45678395,0.03738317757009346,283.275,301.645,38.31775700934579,1.0092280382845287,0.019311184740276367
2025-11-20,276.25,280.75,273.75,279.0,31112755,-0.0045045045045044585,282.6875,300.72,35.68075117370891,-0.3188737257515287,0.018780377370697206
2025-11-21,273.0,276.25,271.5,276.25,27542702,-0.0117647058823529,282.125,299.86,30.555555555555557,-0.11474564049374603,0.018743343261551946
2025-11-24,270.25,273.25,270.0,272.25,33487074,-0.010073260073260037,280.7875,298.985,31.8840579710145,0.21582385054305853,0.015235351883349976
2025-11-25,273.25,279.0,270.0,271.0,53946056,0.011100832562442209,279.7,297.815,34.418604651162795,0.6109516167342659,0.015620812689295473
2025-11-26,274.25,275.25,272.75,273.75,32243168,0.0036596523330283404,278.8125,296.76,32.535885167464116,-0.40230722334919167,0.01562572790016972
2025-11-27,272.5,276.5,272.5,276.0,24662646,-0.006381039197812188,277.9375,295.78,33.33333333333333,-0.2351047514934016,0.015620029440397256
2025-11-28,272.75,276.75,271.5,272.75,31495812,0.0009174311926605228,277.0,294.88,43.125,0.2770654049042427,0.01553171278755726
2025-12-01,276.5,277.25,271.5,272.0,29348256,0.013748854262144894,276.125,294.015,54.54545454545455,-0.06818544636982216,0.01577928959201897
2025-12-02,279.0,281.75,276.25,277.0,38452648,0.009041591320072317,275.625,293.075,65.27777777777777,0.3102191830410639,0.015631905380200664
2025-12-03,275.5,283.5,275.5,281.25,35791929,-0.012544802867383464,274.9,292.09,56.16438356164384,-0.06919468849063404,0.015766005873679212
2025-12-04,270.0,277.25,269.25,275.5,31922352,-0.019963702359346636,273.775,291.01,51.24999999999999,-0.10811311678674818,0.016004069900186883
2025-12-05,270.25,271.75,267.75,270.0,25259577,0.0009259259259259967,272.8125,289.85,52.20125786163522,-0.20871817339774967,0.0159645860788554
2025-12-08,272.25,273.75,271.75,271.75,30892643,0.007400555041628065,272.5125,288.9,55.828220858895705,0.22300713903483027,0.013739502684010564
2025-12-09,271.5,273.25,270.5,273.0,27160617,-0.0027548209366391463,272.4375,287.945,40.47619047619048,-0.12080630330010933,0.013093891020573586
2025-12-10,270.5,275.75,270.25,272.0,37191224,-0.0036832412523020164,272.5625,287.055,40.8,0.36930703746531246,0.012419568065910288
2025-12-11,269.5,272.5,269.25,271.25,27746236,-0.003696857670979714,272.4875,286.13,43.96551724137931,-0.25395743899152123,0.012191308925146008
2025-12-12,272.25,274.5,270.75,270.75,27438909,0.010204081632652962,272.65,285.275,53.44827586206896,-0.011076349238866134,0.01228056031276419
2025-12-15,274.25,276.25,272.0,273.25,34556393,0.007346189164370909,272.9375,284.54,51.78571428571429,0.25939384105978847,0.012353013790516666
2025-12-16,273.25,276.0,272.25,274.5,36677565,-0.003646308113035568,273.225,283.895,48.21428571428571,0.061382911115752226,0.012351410363582628
2025-12-17,274.0,275.0,271.0,273.25,35624064,0.0027447392497712553,273.05,283.1,52.77777777777778,-0.028723308104014023,0.00896575754480101
2025-12-18,274.5,277.25,273.25,274.5,38604691,0.0018248175182482562,272.9625,282.385,53.21100917431193,0.08366892109782875,0.0089321843811906
2025-12-19,277.25,277.75,273.75,275.0,38159581,0.010018214936247771,273.175,281.68,51.42857142857142,-0.011529945933254626,0.008784889829372781
2025-12-22,272.0,278.5,271.75,277.75,31216523,-0.018935978358881833,273.2625,280.845,37.93103448275862,-0.1819479621644693,0.009552713971379792
2025-12-23,270.5,272.0,270.0,271.75,23713128,-0.005514705882352922,273.125,280.075,40.74074074074074,-0.24036613558787445,0.009288886960711916
2025-12-24,271.25,272.5,269.25,271.0,26074191,0.0027726432532346745,272.975,279.46,52.80898876404495,0.09956775841635057,0.00927025854402867
2025-12-25,271.25,273.5,271.0,272.5,12977291,0.0,272.9125,278.87,52.272727272727266,-0.5022936282088292,0.00916674837832357
2025-12-26,268.0,271.5,267.25,271.25,22195231,-0.011981566820276512,272.675,278.31,40.86021505376344,0.710313115426016,0.009531271646231576
2025-12-29,264.5,269.0,262.75,268.25,31535713,-0.013059701492537323,272.075,277.76,36.53846153846153,0.42083283566636465,0.009253427020984943
2025-12-30,267.75,269.75,264.75,265.0,32525018,0.012287334593572785,271.5125,277.16,45.13274336283185,0.03137094125634632,0.009486038854593423
2025-12-31,268.5,269.75,267.25,268.5,20565368,0.0028011204481792618,271.1625,276.64,48.21428571428571,-0.367706176211801,0.009205808878546919
2026-01-02,274.25,274.25,269.75,271.0,28891002,0.021415270018621868,271.375,276.365,53.2258064516129,0.4048375890963878,0.009424841403027788
2026-01-05,277.75,279.0,272.5,274.25,38929858,0.012762078395624377,271.75,276.235,55.38461538461538,0.347473445192382,0.009795923482806846
2026-01-06,288.5,289.25,279.0,279.0,60291603,0.0387038703870386,272.5625,276.065,68.04733727810651,0.5487239383200422,0.012832664394966033
2026-01-07,290.75,295.25,287.5,289.5,71173468,0.0077989601386481144,273.525,275.98,69.14285714285714,0.18048723965756897,0.012801368652695655
2026-01-08,294.5,295.75,286.5,291.0,60705169,0.012897678417884695,274.725,276.03,71.27659574468085,-0.14708147985707254,0.012847956875130538
2026-01-09,291.5,298.0,290.25,296.0,51357969,-0.01018675721561968,275.825,276.06,65.07936507936509,-0.15397700317743945,0.013140179154823932
2026-01-12,291.5,294.5,289.25,291.75,49228010,0.0,276.7875,276.06,73.21428571428572,-0.041472804347072234,0.013085110433175392
2026-01-13,287.0,292.5,285.75,292.0,50345679,-0.015437392795883409,277.425,275.92,68.33333333333334,0.022703924046493018,0.013709713058239778
2026-01-14,280.25,289.0,279.5,288.5,47676029,-0.023519163763066175,277.775,275.745,58.82352941176471,-0.05302639775699525,0.014841629018610936
2026-01-15,287.75,288.75,280.5,280.75,52640730,0.0267618198037467,278.4625,275.7,64.1025641025641,0.10413411318295829,0.01589312859090936
2026-01-16,292.0,295.5,288.5,290.5,52808497,0.01476976542137276,279.3375,275.69,70.16806722689076,0.0031870188730285243,0.016123093163953824
2026-01-19,295.75,299.75,292.5,294.25,72954364,0.012842465753424737,280.2625,275.815,76.15062761506276,0.38148911907112226,0.01619798390192839
2026-01-20,292.0,296.75,291.5,295.75,44544516,-0.012679628064243498,281.2625,276.09,70.12448132780082,-0.38941944583328836,0.015800291161892403
2026-01-21,297.0,297.0,290.0,292.5,52547045,0.017123287671232834,282.5875,276.57,72.09302325581396,0.17965239537006084,0.015917990203658496
2026-01-22,299.0,301.0,294.75,299.0,63538093,0.006734006734006703,283.975,277.19,70.37037037037037,0.20916586270455362,0.015916034387465104
2026-01-23,301.0,304.25,299.5,300.5,50706805,0.006688963210702337,285.4625,277.79,69.62025316455696,-0.20194638199166604,0.015875628415451037
2026-01-26,299.25,302.75,296.0,299.0,46066314,-0.005813953488372103,287.025,278.395,60.69651741293532,-0.0915161387115595,0.015578655871884091
2026-01-27,294.25,301.0,293.75,299.75,47513693,-0.01670843776106934,288.5125,278.91,53.301886792452834,0.03141946629374348,0.01582858319755535
2026-01-28,298.0,303.0,294.25,294.25,92400525,0.01274426508071369,290.025,279.52,53.301886792452834,0.944713600771887,0.0158392792384303
2026-01-29,302.25,307.25,298.0,300.0,104308213,0.014261744966443057,291.7125,280.015,59.90783410138249,0.12887035003318426,0.0159440392391627
2026-01-30,304.0,308.25,298.5,302.25,83271865,0.005789909015715411,293.2,280.57,61.16071428571429,-0.20167489591639343,0.015529347573264154
2026-02-02,305.75,310.0,298.0,300.25,94704808,0.005756578947368363,294.6,281.225,67.6056338028169,0.13729658870976413,0.015430314089270102
2026-02-03,318.75,319.25,308.0,308.0,84532266,0.042518397383483286,296.1125,282.195,82.3529411764706,-0.10741315266696916,0.015886622148325896
2026-02-04,320.5,322.75,315.0,320.0,67172321,0.005490196078431264,297.6,283.14,80.46511627906978,-0.20536471836683046,0.01587449282624167
2026-02-05,317.0,322.0,316.0,318.5,64928341,-0.010920436817472678,298.725,283.995,73.58490566037736,-0.03340631924866788,0.016142120704427533
2026-02-06,322.5,324.5,311.75,317.0,67707854,0.017350157728706517,300.275,284.995,74.42922374429224,0.04280893300508026,0.016059531830662836
2026-02-09,329.5,329.75,321.75,326.5,63946715,0.02170542635658923,302.175,286.13,82.32758620689656,-0.05554952310259309,0.016419873426859397
2026-02-10,333.0,333.25,327.75,329.0,52371004,0.01062215477996964,304.475,287.26,81.85840707964601,-0.18102119866516986,0.015620932145786337
2026-02-11,331.0,337.75,329.0,330.5,61366265,-0.006006006006005982,307.0125,288.3,78.31858407079646,0.17176033134671242,0.014213572810733625
2026-02-12,337.0,341.25,331.0,332.25,70648552,0.01812688821752273,309.475,289.53,79.75206611570248,0.15126041971105786,0.013751756245641938
2026-02-13,347.75,351.25,337.25,337.5,79364384,0.03189910979228494,312.2625,291.085,84.89208633093526,0.12336886961250104,0.014695316680439944
2026-02-16,347.75,352.5,345.0,349.75,60497306,0.0,314.8625,292.635,91.47286821705427,-0.23772726567121094,0.01479314373513761
2026-02-17,345.0,350.75,343.0,346.25,59808917,-0.00790797987059666,317.5125,294.09,87.00787401574803,-0.011378837265910602,0.014473112860916957
2026-02-18,328.25,350.0,324.75,345.75,94434599,-0.048550724637681175,319.075,295.225,67.10526315789474,0.5789384549464422,0.019113422128783322
2026-02-19,312.5,331.0,310.25,330.5,81994623,-0.04798172124904798,319.75,296.065,54.72222222222222,-0.1317311253685739,0.02249699937057629
2026-02-20,320.5,320.5,313.75,314.5,49745507,0.025600000000000067,320.725,297.085,57.66233766233766,-0.3933076928715191,0.023074404733158863
2026-02-23,315.75,326.0,315.25,325.75,58340211,-0.014820592823712953,321.55,297.955,48.29545454545455,0.17277347278820576,0.023349912660496044
2026-02-24,308.5,316.0,307.25,315.75,60541603,-0.022961203483768844,322.2625,298.64,43.582887700534755,0.037733699660428055,0.02366666766924202
2026-02-25,307.0,311.0,305.5,309.25,36524474,-0.004862236628849326,322.7125,299.315,44.53551912568306,-0.3967045438159277,0.02359822957502008
2026-02-26,311.5,316.25,302.5,307.75,68383970,0.014657980456026065,323.175,300.065,43.92265193370166,0.8722780237711294,0.02360944541632669
2026-02-27,307.5,314.0,303.5,313.25,60671396,-0.012841091492776902,323.35,300.725,37.42857142857143,-0.11278336136378164,0.023809416822068826
2026-03-02,289.0,292.5,282.25,282.5,54215665,-0.06016260162601628,322.5125,300.96,28.536585365853654,-0.10640485345021566,0.02738732871628843
2026-03-03,287.0,295.25,285.0,286.0,42900149,-0.00692041522491349,320.925,301.26,28.536585365853654,-0.2087130352454406,0.02526350479440693
2026-03-04,287.75,292.0,282.0,288.0,46550560,0.002613240418118501,319.2875,301.605,24.678663239074552,0.0850908699641113,0.025209217815038508
2026-03-05,284.25,295.25,283.75,293.25,42754331,-0.012163336229365718,317.65,301.865,14.722222222222229,-0.08155066233360031,0.02522593081810433
2026-03-06,276.75,286.0,276.0,284.0,56263294,-0.02638522427440637,315.3625,301.975,13.589743589743591,0.31596712389208004,0.02506977536906791
2026-03-09,282.0,282.0,263.5,267.0,51377626,0.01897018970189701,312.9875,302.255,18.5,-0.0868357974206061,0.024910070458495377
2026-03-10,297.0,297.0,288.75,294.0,61941889,0.05319148936170204,311.1875,302.905,34.096692111959285,0.20561991322837692,0.02814456460504262
2026-03-11,294.75,296.25,289.5,296.0,40619946,-0.007575757575757569,309.375,303.445,39.52802359882006,-0.3442249396042798,0.028148751574581056
2026-03-12,292.75,297.75,289.25,290.0,41475379,-0.006785411365563987,307.1625,303.93,32.38095238095238,0.021059432230658315,0.02759851400635021
2026-03-13,292.25,293.5,286.75,291.25,26218061,-0.0017079419299743659,304.3875,304.29,34.22818791946308,-0.3678644624320371,0.026110943454818895
2026-03-16,290.0,293.5,288.25,292.5,28395392,-0.007698887938408894,301.5,304.535,36.69064748201439,0.0830469881048792,0.02603832891518094
2026-03-17,294.75,296.0,291.0,291.0,22876482,0.016379310344827536,298.9875,304.66,41.580756013745706,-0.1943593523906978,0.026637387168537283
2026-03-18,290.75,298.0,289.25,297.25,24386487,-0.013570822731128085,297.1125,304.66,35.640138408304495,0.06600687116139614,0.024891330126033027
2026-03-19,289.5,291.5,287.75,289.0,11565613,-0.004299226139294898,295.9625,304.56,37.05035971223021,-0.525736814818797,0.02282113032354111
2026-03-23,295.5,296.25,279.5,281.25,75513242,0.020725388601036343,294.7125,304.64,55.70175438596492,5.529117133696243,0.022517236346517762
2026-03-24,291.0,296.5,290.75,292.25,40807369,-0.015228426395939132,293.475,304.63,53.36134453781512,-0.45959982753753303,0.02252791369340709
2026-03-25,294.5,299.5,292.75,295.75,66108591,0.012027491408934665,292.775,304.78,55.421686746987945,0.6200160074029766,0.022321767847594067
2026-03-26,293.5,296.5,291.75,292.5,31352265,-0.00339558573853993,292.1,305.045,57.74058577405858,-0.5257459805791354,0.022314560706901868
2026-03-27,294.0,295.5,290.5,295.0,30167762,0.0017035775127767216,291.225,305.17,66.35071090047393,-0.037780460199606014,0.02199099140995047
2026-03-30,288.75,293.5,288.75,292.5,29264051,-0.017857142857142905,290.2875,305.105,56.39810426540285,-0.02995618302743175,0.02214135087211146
2026-03-31,294.25,294.75,289.25,290.0,43351658,0.01904761904761898,290.55,305.075,46.820809248554916,0.4813963384631881,0.01807096844680874
2026-04-01,298.0,307.75,297.5,306.25,47033368,0.01274426508071369,291.1,305.195,53.63128491620112,0.08492662495169157,0.018149080796481133
2026-04-02,299.75,300.5,291.25,292.5,48135580,0.005872483221476488,291.7,305.25,57.865168539325836,0.023434681522275902,0.018169151095118106
2026-04-03,296.0,299.75,295.0,299.25,21832383,-0.012510425354462007,292.2875,305.19,53.92670157068063,-0.5464398060644537,0.01818375205227847
2026-04-06,297.25,301.25,296.5,296.75,36486790,0.004222972972973027,293.3125,305.115,57.75401069518717,0.6712234298931088,0.01689525440518838
2026-04-07,292.0,299.25,291.75,296.0,42540777,-0.01766190075693863,293.8125,304.97,47.08994708994709,0.1659227079170298,0.017138037282980995
2026-04-08,317.0,321.0,307.5,308.75,110512822,0.08561643835616439,294.8125,305.425,69.23076923076923,1.5978092031558333,0.02283442993442548
2026-04-09,319.5,322.25,313.25,316.0,43131773,0.007886435331230235,296.05,305.855,71.58273381294964,-0.6097125001477204,0.022700977037569608
2026-04-10,323.25,325.25,321.0,322.5,39622743,0.011737089201877993,297.575,306.275,70.63197026022306,-0.08135603421635373,0.02260359755058564
2026-04-13,316.75,318.75,314.25,316.0,59932285,-0.02010827532869297,298.8,306.53,68.59205776173285,0.5125728423193721,0.02326444151044109
2026-04-14,324.0,326.5,319.5,319.75,65014922,0.022888713496448387,300.5,306.895,70.20547945205479,0.08480632767464158,0.023440138645509322
2026-04-15,319.25,326.75,318.5,326.5,50829575,-0.014660493827160503,301.725,306.905,66.77524429967427,-0.21818601889578515,0.02372937468311234
2026-04-16,317.25,324.5,315.5,323.0,42533691,-0.006264682850430692,303.05,306.84,64.85623003194888,-0.16320978485458515,0.023495528627650756
2026-04-17,329.0,335.0,317.75,318.0,108841541,0.03703703703703698,305.025,307.08,73.74631268436579,1.5589488812527463,0.024467247724625968
2026-04-20,328.25,329.25,321.25,321.5,62881814,-0.0022796352583586144,306.6625,307.195,71.25,-0.4222627369820131,0.02431301429882446
2026-04-21,327.0,334.5,327.0,329.0,41012885,-0.0038080731150038627,308.4625,307.145,68.70967741935483,-0.34777827815209017,0.023930654516879403
2026-04-22,323.5,331.25,319.5,329.5,37881076,-0.010703363914373099,309.9125,306.955,64.98422712933754,-0.07636158734017373,0.024173465624901167
2026-04-24,325.0,326.25,319.0,323.0,37892432,0.004636785162287493,311.4875,306.835,68.83116883116884,0.0002997802913518033,0.024093664198802517
2026-04-27,320.5,326.75,320.25,324.5,39753416,-0.013846153846153841,312.8125,306.505,64.48598130841123,0.04911228711844107,0.024466446887578475
2026-04-28,315.75,320.25,315.25,319.5,27040131,-0.014820592823712953,314.1625,305.865,64.89028213166145,-0.3198035861874109,0.024328791370461175
2026-04-29,314.5,317.75,313.0,316.75,30230456,-0.003958828186856667,315.175,305.2,47.76785714285714,0.11798482041377678,0.024160569248450628
2026-04-30,308.25,311.5,305.25,310.0,55904761,-0.019872813990461036,315.6875,304.465,40.585774058577414,0.8492860643584073,0.024607610404292102
2026-05-04,300.75,310.75,300.5,308.5,57653327,-0.024330900243308973,315.7375,303.915,32.283464566929126,0.03127758653686041,0.02527330531344716
2026-05-05,301.0,304.25,298.25,300.75,39319327,0.0008312551953448821,315.9875,303.685,36.24454148471616,-0.3180041977456045,0.02508833450195608
2026-05-06,309.75,316.25,304.75,307.0,102928965,0.029069767441860517,316.6125,303.47,37.87234042553192,1.6177702634635636,0.02585323817795397
2026-05-07,312.5,315.25,311.25,311.75,55094125,0.008878127522195411,317.6375,303.405,44.052863436123346,-0.46473643254840846,0.025448917816235653
2026-05-08,311.0,314.75,306.75,310.0,52591635,-0.0048000000000000265,317.3375,303.455,44.44444444444444,-0.045422084478154434,0.016635154542097418
2026-05-11,308.5,309.5,306.25,308.25,32165704,-0.008038585209003246,316.7875,303.485,28.191489361702125,-0.3883874498292361,0.016577288693267467
2026-05-12,305.75,310.0,305.25,308.0,25842992,-0.008914100486223653,315.9125,303.37,27.040816326530617,-0.19656687756624258,0.016342975091416696
2026-05-13,304.0,310.0,304.0,307.75,31137355,-0.005723630417007408,315.275,303.3,26.767676767676775,0.20486648759555393,0.015843256941017528
2026-05-14,305.75,308.5,305.25,305.25,33906131,0.005756578947368363,314.3625,303.635,31.41361256544502,0.08892136149650476,0.014863358564702812
2026-05-15,300.0,304.25,298.5,303.5,30059261,-0.01880621422730988,313.4,303.895,25.961538461538467,-0.11345647192833652,0.01506514830015151
2026-05-18,294.5,301.0,294.5,299.5,36354194,-0.018333333333333313,312.2625,304.03,25.47169811320755,0.2094174238016031,0.015439928029960252
2026-05-20,295.0,300.25,289.75,292.0,34515033,0.001697792869269854,310.5625,304.245,28.717948717948715,-0.050590063968960486,0.012233682218962498
2026-05-21,274.0,295.75,273.25,295.0,57504394,-0.07118644067796609,307.85,304.19,20.43795620437956,0.666068057938696,0.019096262514532617
2026-05-22,288.0,290.25,271.5,274.0,62579877,0.051094890510948954,305.9,304.31,36.72131147540983,0.08826252477332419,0.02333050491808447
2026-05-25,297.5,300.5,296.0,299.0,44110081,0.03298611111111116,304.6,304.32,47.92332268370607,-0.2951395382256824,0.024868366991048333
2026-05-26,296.75,298.0,295.25,297.5,11744557,-0.0025210084033613356,303.1875,304.36,47.301587301587304,-0.7337443792043818,0.024790670912274604
2026-05-27,296.75,296.75,296.75,296.75,0,0.0,302.0,304.44,40.71428571428571,-1.0,0.024701519508478126
2026-06-02,300.0,300.25,294.25,294.5,42876580,0.029159519725557415,299.2875,304.785,46.12794612794613,-0.025459514420565266,0.024905673988175562
2026-06-03,297.0,301.75,296.5,297.25,36533990,-0.010000000000000009,299.0875,304.935,45.36423841059603,-0.14792667698776352,0.025008155677736496
2026-06-04,299.75,301.5,296.5,299.0,45830613,0.0092592592592593,298.5875,305.02,46.07843137254902,0.25446503379455687,0.024158690467663717
2026-06-05,297.0,300.25,295.25,299.75,25354997,-0.00917431192660545,297.8125,305.14,47.95918367346938,-0.4467672295808044,0.024093223669191036
2026-06-08,297.25,299.5,292.5,293.5,39271281,0.0008417508417508657,297.125,305.195,52.01465201465201,0.5488576472716602,0.024094968594578273
2026-06-09,296.75,300.0,295.5,298.5,38673748,-0.001682085786375076,296.5375,305.26,51.28205128205128,-0.015215520980840891,0.024052727776667795
2026-06-10,295.5,298.25,293.25,296.0,31695171,-0.004212299915754003,296.025,305.29,72.16494845360825,-0.1804473928929774,0.02400103595576429
2026-06-11,293.25,297.5,291.5,296.0,34070210,-0.0076142131979695105,295.4875,305.38,57.14285714285714,0.07493378092202119,0.02402256351747008
2026-06-12,307.75,311.0,301.0,301.0,87561133,0.04944586530264283,295.5875,305.65,62.27544910179641,1.5700203491554645,0.026570494976226922
2026-06-15,325.75,329.5,323.25,329.0,60566048,0.0584890333062551,296.875,306.205,74.57627118644068,-0.30829985948217453,0.029091395836722215
2026-06-16,326.5,329.0,322.75,325.0,54652603,0.00230237912509601,298.475,306.74,74.89539748953975,-0.09763630276817792,0.028599687567000192
2026-06-17,321.75,328.25,321.0,327.5,31948866,-0.014548238897396648,299.8125,307.255,69.37984496124031,-0.4154191338333876,0.028943792715687453
2026-06-18,328.5,330.0,323.75,324.0,53784406,0.020979020979021046,302.5375,307.88,72.28070175438596,0.683452739762344,0.0229299944523883
2026-06-19,326.75,333.25,323.75,324.0,69617178,-0.0053272450532724225,304.475,308.575,76.01476014760146,0.2943747672884962,0.020906010616298824
2026-06-22,324.75,329.0,324.25,328.5,30581205,-0.006120887528691665,305.8375,308.73,70.20408163265306,-0.5607232887262394,0.02011568502121111
2026-06-23,325.0,327.25,321.5,323.5,36591935,0.0007698229407235857,307.25,308.84,73.93162393162393,0.19654980894310747,0.020067952351743683
2026-06-24,324.75,328.25,323.25,325.25,41954740,-0.0007692307692307443,308.65,308.87,72.32142857142857,0.14655702137643178,0.020078257134895836
2026-06-25,328.5,333.25,327.5,327.5,53199419,0.011547344110854452,310.2375,309.105,77.63157894736842,0.26801927505688283,0.02010184318703892
2026-06-26,330.75,332.25,327.5,328.5,35151597,0.006849315068493178,311.9375,309.24,78.38983050847457,-0.33924847938658875,0.020065418956069586
